"host","bytes","time","day"
"***.novo.dk",7067,1995-07-11 05:17:09,"Tuesday"
"***.novo.dk",5866,1995-07-11 05:17:11,"Tuesday"
"***.novo.dk",363,1995-07-11 05:17:31,"Tuesday"
"***.novo.dk",234,1995-07-11 05:17:33,"Tuesday"
"***.novo.dk",786,1995-07-11 05:17:34,"Tuesday"
"***.novo.dk",669,1995-07-11 05:17:38,"Tuesday"
"***.novo.dk",8678,1995-07-11 05:17:48,"Tuesday"
"***.novo.dk",11853,1995-07-11 05:17:51,"Tuesday"
"***.novo.dk",1204,1995-07-11 05:19:13,"Tuesday"
"***.novo.dk",786,1995-07-11 05:19:17,"Tuesday"
"***.novo.dk",1713,1995-07-11 05:22:03,"Tuesday"
"***.novo.dk",1173,1995-07-11 05:22:08,"Tuesday"
"***.novo.dk",6922,1995-07-11 05:23:01,"Tuesday"
"***.novo.dk",11264,1995-08-09 00:02:48,"Wednesday"
"***.novo.dk",8083,1995-08-09 00:02:55,"Wednesday"
"***.novo.dk",1204,1995-08-09 00:03:02,"Wednesday"
"***.novo.dk",1713,1995-08-09 00:03:06,"Wednesday"
"***.novo.dk",1173,1995-08-09 00:03:12,"Wednesday"
"***.novo.dk",4673,1995-08-09 00:03:52,"Wednesday"
"***.novo.dk",46053,1995-08-09 00:04:08,"Wednesday"
"***.novo.dk",786,1995-08-09 00:04:24,"Wednesday"
"***.novo.dk",3714,1995-08-09 00:05:07,"Wednesday"
"***.novo.dk",13994,1995-08-09 00:05:14,"Wednesday"
"***.novo.dk",4665,1995-08-09 00:05:38,"Wednesday"
"***.novo.dk",69067,1995-08-09 00:06:21,"Wednesday"
"***.novo.dk",543,1995-08-09 00:07:24,"Wednesday"
"***.novo.dk",1879,1995-08-09 00:07:40,"Wednesday"
"***.novo.dk",30232,1995-08-09 00:07:58,"Wednesday"
"***.novo.dk",1289,1995-08-09 00:08:22,"Wednesday"
"001.msy4.communique.net",9630,1995-08-29 23:55:47,"Wednesday"
"001.msy4.communique.net",25218,1995-08-29 23:55:49,"Wednesday"
"001.msy4.communique.net",4441,1995-08-29 23:55:49,"Wednesday"
"001.msy4.communique.net",13372,1995-08-29 23:55:50,"Wednesday"
"001.msy4.communique.net",1204,1995-08-29 23:55:53,"Wednesday"
"001.msy4.communique.net",363,1995-08-29 23:56:01,"Wednesday"
"001.msy4.communique.net",234,1995-08-29 23:56:03,"Wednesday"
"001.msy4.communique.net",669,1995-08-29 23:56:04,"Wednesday"
"007.thegap.com",3998,1995-07-06 14:22:35,"Thursday"
"007.thegap.com",40310,1995-07-06 14:22:40,"Thursday"
"007.thegap.com",786,1995-07-06 14:22:46,"Thursday"
"007.thegap.com",1204,1995-07-06 14:22:47,"Thursday"
"007.thegap.com",12722,1995-07-06 14:24:28,"Thursday"
"007.thegap.com",12054,1995-07-06 14:24:32,"Thursday"
"007.thegap.com",1713,1995-07-06 14:24:59,"Thursday"
"007.thegap.com",12722,1995-07-06 14:28:35,"Thursday"
"007.thegap.com",203429,1995-07-06 14:34:39,"Thursday"
"007.thegap.com",7634,1995-07-06 14:37:44,"Thursday"
"007.thegap.com",98304,1995-07-06 14:44:00,"Thursday"
"007.thegap.com",3998,1995-07-06 16:22:04,"Thursday"
"007.thegap.com",40310,1995-07-06 16:22:08,"Thursday"
"007.thegap.com",786,1995-07-06 16:22:12,"Thursday"
"007.thegap.com",1204,1995-07-06 16:22:14,"Thursday"
"007.thegap.com",4347,1995-07-06 16:23:26,"Thursday"
"007.thegap.com",20484,1995-07-06 16:23:29,"Thursday"
"007.thegap.com",891,1995-07-06 16:36:08,"Thursday"
"007.thegap.com",957,1995-07-09 17:59:58,"Monday"
"007.thegap.com",527,1995-07-09 18:00:00,"Monday"
"007.thegap.com",509,1995-07-09 18:00:01,"Monday"
"007.thegap.com",12283,1995-07-09 18:00:10,"Monday"
"007.thegap.com",527,1995-07-09 18:00:13,"Monday"
"007.thegap.com",509,1995-07-09 18:00:50,"Monday"
"007.thegap.com",7067,1995-07-09 18:01:57,"Monday"
"007.thegap.com",5866,1995-07-09 18:02:04,"Monday"
"007.thegap.com",4324,1995-07-23 13:40:47,"Sunday"
"007.thegap.com",786,1995-07-23 13:40:57,"Sunday"
"007.thegap.com",1204,1995-07-23 13:40:57,"Sunday"
"007.thegap.com",46573,1995-07-23 13:41:14,"Sunday"
"007.thegap.com",4673,1995-08-09 12:36:28,"Wednesday"
"007.thegap.com",786,1995-08-09 12:36:37,"Wednesday"
"007.thegap.com",1204,1995-08-09 12:36:37,"Wednesday"
"007.thegap.com",46053,1995-08-09 12:36:47,"Wednesday"
"01-dynamic-c.wokingham.luna.net",3089,1995-07-05 04:36:59,"Wednesday"
"01-dynamic-c.wokingham.luna.net",12054,1995-07-05 04:37:05,"Wednesday"
"01-dynamic-c.wokingham.luna.net",7067,1995-07-10 05:17:39,"Monday"
"01-dynamic-c.wokingham.luna.net",5866,1995-07-10 05:17:46,"Monday"
"01-dynamic-c.wokingham.luna.net",234,1995-07-10 05:17:48,"Monday"
"01-dynamic-c.wokingham.luna.net",669,1995-07-10 05:17:50,"Monday"
"01-dynamic-c.wokingham.luna.net",363,1995-07-10 05:17:52,"Monday"
"01-dynamic-c.wokingham.luna.net",786,1995-07-10 05:17:52,"Monday"
"01-dynamic-c.wokingham.luna.net",1602,1995-07-10 05:18:27,"Monday"
"01-dynamic-c.wokingham.luna.net",9630,1995-07-10 05:18:29,"Monday"
"01-dynamic-c.wokingham.luna.net",1204,1995-07-10 05:18:30,"Monday"
"01-dynamic-c.wokingham.luna.net",8678,1995-07-10 05:18:57,"Monday"
"01-dynamic-c.wokingham.luna.net",11853,1995-07-10 05:18:59,"Monday"
"01-dynamic-c.wokingham.luna.net",13374,1995-07-12 02:33:34,"Wednesday"
"01-dynamic-c.wokingham.luna.net",12054,1995-07-12 02:33:39,"Wednesday"
"01-dynamic-c.wokingham.luna.net",1204,1995-07-12 02:33:47,"Wednesday"
"01-dynamic-c.wokingham.luna.net",1173,1995-07-12 02:33:48,"Wednesday"
"01-dynamic-c.wokingham.luna.net",1713,1995-07-12 02:33:48,"Wednesday"
"01-dynamic-c.wokingham.luna.net",7280,1995-07-27 14:02:24,"Thursday"
"01-dynamic-c.wokingham.luna.net",0,1995-07-27 14:02:27,"Thursday"
"01-dynamic-c.wokingham.luna.net",0,1995-07-27 14:02:29,"Thursday"
"01-dynamic-c.wokingham.luna.net",0,1995-07-27 14:02:29,"Thursday"
"01-dynamic-c.wokingham.luna.net",0,1995-07-27 14:02:29,"Thursday"
"01-dynamic-c.wokingham.luna.net",0,1995-07-27 14:02:29,"Thursday"
"01-dynamic-c.wokingham.luna.net",0,1995-07-27 14:02:35,"Thursday"
"01-dynamic-c.wokingham.luna.net",0,1995-07-27 14:02:36,"Thursday"
"01-dynamic-c.wokingham.luna.net",46573,1995-07-27 14:02:41,"Thursday"
"01-dynamic-c.wokingham.luna.net",4745,1995-08-27 17:08:50,"Monday"
"01-dynamic-c.wokingham.luna.net",3714,1995-08-27 17:09:03,"Monday"
"01-dynamic-c.wokingham.luna.net",13994,1995-08-27 17:09:06,"Monday"
"01-dynamic-c.wokingham.luna.net",73231,1995-08-27 17:12:59,"Monday"
"01-dynamic-c.wokingham.luna.net",1289,1995-08-27 17:15:54,"Monday"
"01-dynamic-c.wokingham.luna.net",6980,1995-08-27 17:18:34,"Monday"
"01-dynamic-c.wokingham.luna.net",1879,1995-08-27 17:36:38,"Monday"
"01-dynamic-c.wokingham.luna.net",30232,1995-08-27 17:36:40,"Monday"
"01-dynamic-c.wokingham.luna.net",1289,1995-08-27 17:36:40,"Monday"
"01-dynamic-c.wokingham.luna.net",3714,1995-08-27 17:37:07,"Monday"
"01-dynamic-c.wokingham.luna.net",0,1995-08-27 17:37:09,"Monday"
"01-dynamic-c.wokingham.luna.net",0,1995-08-27 17:37:10,"Monday"
"01-dynamic-c.wokingham.luna.net",2489,1995-08-27 17:37:22,"Monday"
"01-dynamic-c.wokingham.luna.net",3635,1995-08-27 17:37:24,"Monday"
"01-dynamic-c.wokingham.luna.net",2537,1995-08-27 17:37:24,"Monday"
"01-dynamic-c.wokingham.luna.net",58026,1995-08-27 17:37:36,"Monday"
"01-dynamic-c.wokingham.luna.net",3826,1995-08-27 17:37:41,"Monday"
"01-dynamic-c.wokingham.luna.net",0,1995-08-27 17:37:44,"Monday"
"01-dynamic-c.wokingham.luna.net",39017,1995-08-27 17:37:44,"Monday"
"01-dynamic-c.wokingham.luna.net",3714,1995-08-27 17:39:55,"Monday"
"01-dynamic-c.wokingham.luna.net",3714,1995-08-27 17:41:59,"Monday"
"01-dynamic-c.wokingham.luna.net",3714,1995-08-27 17:44:05,"Monday"
"01-dynamic-c.wokingham.luna.net",3714,1995-08-27 17:46:10,"Monday"
"01-dynamic-c.wokingham.luna.net",3714,1995-08-27 17:48:13,"Monday"
"01-dynamic-c.wokingham.luna.net",3714,1995-08-27 17:50:15,"Monday"
"01-dynamic-c.wokingham.luna.net",3714,1995-08-27 17:52:19,"Monday"
"01-dynamic-c.wokingham.luna.net",3714,1995-08-27 17:56:03,"Monday"
"01.ts01.zircon.net.au",27063,1995-08-21 01:46:06,"Monday"
"01.ts01.zircon.net.au",3635,1995-08-21 01:47:07,"Monday"
"01.ts01.zircon.net.au",263,1995-08-21 01:47:17,"Monday"
"02-17-05.comsvc.calpoly.edu",11757,1995-08-28 08:02:36,"Monday"
"02-17-05.comsvc.calpoly.edu",131166,1995-08-28 08:03:26,"Monday"
"02-17-05.comsvc.calpoly.edu",1204,1995-08-28 08:03:55,"Monday"
"02-17-05.comsvc.calpoly.edu",1173,1995-08-28 08:03:55,"Monday"
"02-17-05.comsvc.calpoly.edu",1713,1995-08-28 08:03:55,"Monday"
"02-dynamic-c.wokingham.luna.net",7067,1995-07-07 04:57:57,"Friday"
"02-dynamic-c.wokingham.luna.net",5866,1995-07-07 04:57:58,"Friday"
"02-dynamic-c.wokingham.luna.net",786,1995-07-07 04:58:04,"Friday"
"02-dynamic-c.wokingham.luna.net",363,1995-07-07 04:58:04,"Friday"
"02-dynamic-c.wokingham.luna.net",234,1995-07-07 04:58:05,"Friday"
"02-dynamic-c.wokingham.luna.net",669,1995-07-07 04:58:06,"Friday"
"02-dynamic-c.wokingham.luna.net",1404,1995-07-07 04:59:10,"Friday"
"02-dynamic-c.wokingham.luna.net",152676,1995-07-07 05:01:50,"Friday"
"02-dynamic-c.wokingham.luna.net",86984,1995-07-07 05:06:39,"Friday"
"023.msy4.communique.net",15980,1995-08-24 19:10:17,"Friday"
"023.msy4.communique.net",58811,1995-08-24 19:10:35,"Friday"
"03-dynamic-c.wokingham.luna.net",13469,1995-07-04 09:33:06,"Tuesday"
"03-dynamic-c.wokingham.luna.net",5026,1995-07-04 09:33:08,"Tuesday"
"03-dynamic-c.wokingham.luna.net",1713,1995-07-04 09:33:15,"Tuesday"
"03-dynamic-c.wokingham.luna.net",1204,1995-07-04 09:33:15,"Tuesday"
"03-dynamic-c.wokingham.luna.net",12451,1995-07-04 09:33:23,"Tuesday"
"03-dynamic-c.wokingham.luna.net",12054,1995-07-04 09:33:40,"Tuesday"
"03-dynamic-c.wokingham.luna.net",1204,1995-07-04 09:34:14,"Tuesday"
"03-dynamic-c.wokingham.luna.net",3985,1995-07-04 09:35:29,"Tuesday"
"03-dynamic-c.wokingham.luna.net",786,1995-07-04 09:35:33,"Tuesday"
"03-dynamic-c.wokingham.luna.net",40310,1995-07-04 09:35:36,"Tuesday"
"03-dynamic-c.wokingham.luna.net",3089,1995-07-04 09:36:10,"Tuesday"
"03-dynamic-c.wokingham.luna.net",16020,1995-07-20 16:02:17,"Thursday"
"03-dynamic-c.wokingham.luna.net",6849,1995-07-20 16:02:23,"Thursday"
"03-dynamic-c.wokingham.luna.net",6168,1995-07-20 16:02:29,"Thursday"
"03-dynamic-c.wokingham.luna.net",11264,1995-08-08 16:31:02,"Tuesday"
"03-dynamic-c.wokingham.luna.net",8083,1995-08-08 16:31:04,"Tuesday"
"03-dynamic-c.wokingham.luna.net",1713,1995-08-08 16:31:07,"Tuesday"
"03-dynamic-c.wokingham.luna.net",1173,1995-08-08 16:31:07,"Tuesday"
"03-dynamic-c.wokingham.luna.net",1204,1995-08-08 16:31:11,"Tuesday"
"03-dynamic-c.wokingham.luna.net",4673,1995-08-08 16:34:08,"Tuesday"
"03-dynamic-c.wokingham.luna.net",786,1995-08-08 16:34:11,"Tuesday"
"03-dynamic-c.wokingham.luna.net",46053,1995-08-08 16:34:15,"Tuesday"
"03-dynamic-c.wokingham.luna.net",3714,1995-08-08 16:35:03,"Tuesday"
"03-dynamic-c.wokingham.luna.net",13994,1995-08-08 16:35:05,"Tuesday"
"03-dynamic-c.wokingham.luna.net",3714,1995-08-08 16:35:43,"Tuesday"
"03-dynamic-c.wokingham.luna.net",0,1995-08-08 16:35:45,"Tuesday"
"03-dynamic-c.wokingham.luna.net",0,1995-08-08 16:35:47,"Tuesday"
"03-dynamic-c.wokingham.luna.net",4665,1995-08-08 16:35:51,"Tuesday"
"03-dynamic-c.wokingham.luna.net",69067,1995-08-08 16:36:07,"Tuesday"
"03-dynamic-c.wokingham.luna.net",543,1995-08-08 16:36:27,"Tuesday"
"03-dynamic-c.wokingham.luna.net",45335,1995-08-08 16:36:40,"Tuesday"
"03-dynamic-c.wokingham.luna.net",43332,1995-08-08 16:37:10,"Tuesday"
"03-dynamic-c.wokingham.luna.net",39609,1995-08-08 16:37:34,"Tuesday"
"03-dynamic-c.wokingham.luna.net",39962,1995-08-08 16:37:50,"Tuesday"
"03-dynamic-c.wokingham.luna.net",39962,1995-08-08 16:38:06,"Tuesday"
"03-dynamic-c.wokingham.luna.net",43779,1995-08-08 16:38:28,"Tuesday"
"03-dynamic-c.wokingham.luna.net",43779,1995-08-08 16:38:32,"Tuesday"
"03-dynamic-c.wokingham.luna.net",43779,1995-08-08 16:38:36,"Tuesday"
"03-dynamic-c.wokingham.luna.net",43756,1995-08-08 16:38:47,"Tuesday"
"03-dynamic-c.wokingham.luna.net",0,1995-08-08 16:39:02,"Tuesday"
"03-dynamic-c.wokingham.luna.net",40826,1995-08-08 16:39:08,"Tuesday"
"03-dynamic-c.wokingham.luna.net",0,1995-08-08 16:39:24,"Tuesday"
"03-dynamic-c.wokingham.luna.net",0,1995-08-08 16:39:27,"Tuesday"
"03-dynamic-c.wokingham.luna.net",0,1995-08-08 16:39:30,"Tuesday"
"03-dynamic-c.wokingham.luna.net",0,1995-08-08 16:39:33,"Tuesday"
"03-dynamic-c.wokingham.luna.net",0,1995-08-08 16:39:35,"Tuesday"
"03-dynamic-c.wokingham.luna.net",37436,1995-08-08 16:39:38,"Tuesday"
"03-dynamic-c.wokingham.luna.net",2443,1995-08-08 16:43:48,"Tuesday"
"03-dynamic-c.wokingham.luna.net",34657,1995-08-08 16:44:07,"Tuesday"
"03-dynamic-c.wokingham.luna.net",543,1995-08-18 18:38:14,"Saturday"
"03-dynamic-c.wokingham.luna.net",786,1995-08-18 18:38:16,"Saturday"
"0321jona.jon.rpslmc.edu",3260,1995-08-29 02:07:02,"Tuesday"
"0321jona.jon.rpslmc.edu",18149,1995-08-29 02:07:06,"Tuesday"
"0321jona.jon.rpslmc.edu",1204,1995-08-29 02:07:14,"Tuesday"
"0321jona.jon.rpslmc.edu",1173,1995-08-29 02:07:14,"Tuesday"
"0321jona.jon.rpslmc.edu",18149,1995-08-29 02:07:27,"Tuesday"
"0321jona.jon.rpslmc.edu",18556,1995-08-29 02:07:50,"Tuesday"
"0321jona.jon.rpslmc.edu",12859,1995-08-29 02:07:54,"Tuesday"
"0321jona.jon.rpslmc.edu",18149,1995-08-29 02:08:04,"Tuesday"
"0321jona.jon.rpslmc.edu",3526,1995-08-29 02:08:11,"Tuesday"
"0321jona.jon.rpslmc.edu",11236,1995-08-29 02:08:13,"Tuesday"
"0321jona.jon.rpslmc.edu",3635,1995-08-29 02:08:16,"Tuesday"
"0321jona.jon.rpslmc.edu",4209,1995-08-29 02:08:16,"Tuesday"
"0321jona.jon.rpslmc.edu",18149,1995-08-29 02:08:52,"Tuesday"
"0321jona.jon.rpslmc.edu",3592,1995-08-29 02:09:09,"Tuesday"
"0321jona.jon.rpslmc.edu",13539,1995-08-29 02:09:12,"Tuesday"
"0321jona.jon.rpslmc.edu",2653,1995-08-29 02:09:22,"Tuesday"
"0321jona.jon.rpslmc.edu",28426,1995-08-29 02:09:24,"Tuesday"
"0321jona.jon.rpslmc.edu",2537,1995-08-29 02:09:28,"Tuesday"
"0321jona.jon.rpslmc.edu",18149,1995-08-29 02:10:03,"Tuesday"
"0321jona.jon.rpslmc.edu",1687,1995-08-29 02:10:55,"Tuesday"
"0321jona.jon.rpslmc.edu",9202,1995-08-29 02:10:58,"Tuesday"
"0321jona.jon.rpslmc.edu",3047,1995-08-29 02:10:58,"Tuesday"
"0321jona.jon.rpslmc.edu",1602,1995-08-29 02:11:25,"Tuesday"
"0321jona.jon.rpslmc.edu",9630,1995-08-29 02:11:27,"Tuesday"
"0321jona.jon.rpslmc.edu",786,1995-08-29 02:11:28,"Tuesday"
"0321jona.jon.rpslmc.edu",18149,1995-08-29 02:11:42,"Tuesday"
"0321jona.jon.rpslmc.edu",26990,1995-08-29 02:11:55,"Tuesday"
"0321jona.jon.rpslmc.edu",28847,1995-08-29 02:12:55,"Tuesday"
"0321jona.jon.rpslmc.edu",3274,1995-08-29 04:15:01,"Tuesday"
"0321jona.jon.rpslmc.edu",3274,1995-08-29 04:15:30,"Tuesday"
"033.msy4.communique.net",20271,1995-08-18 22:03:31,"Saturday"
"033.msy4.communique.net",90112,1995-08-18 22:04:04,"Saturday"
"04-dynamic-c.rotterdam.luna.net",13468,1995-07-03 18:56:38,"Tuesday"
"04-dynamic-c.rotterdam.luna.net",5026,1995-07-03 18:56:40,"Tuesday"
"04-dynamic-c.rotterdam.luna.net",1713,1995-07-03 18:56:43,"Tuesday"
"04-dynamic-c.rotterdam.luna.net",1204,1995-07-03 18:56:43,"Tuesday"
"04-dynamic-c.rotterdam.luna.net",6861,1995-07-03 18:57:07,"Tuesday"
"04-dynamic-c.rotterdam.luna.net",4179,1995-07-03 18:57:09,"Tuesday"
"04-dynamic-c.rotterdam.luna.net",1932,1995-07-03 18:57:11,"Tuesday"
"04-dynamic-c.rotterdam.luna.net",3635,1995-07-03 18:57:11,"Tuesday"
"04-dynamic-c.rotterdam.luna.net",7074,1995-07-03 18:58:36,"Tuesday"
"04-dynamic-c.rotterdam.luna.net",5866,1995-07-03 18:58:38,"Tuesday"
"04-dynamic-c.rotterdam.luna.net",786,1995-07-03 18:58:40,"Tuesday"
"04-dynamic-c.rotterdam.luna.net",363,1995-07-03 18:58:40,"Tuesday"
"04-dynamic-c.rotterdam.luna.net",234,1995-07-03 18:58:40,"Tuesday"
"04-dynamic-c.rotterdam.luna.net",669,1995-07-03 18:58:43,"Tuesday"
"04-dynamic-c.rotterdam.luna.net",3985,1995-07-03 18:58:53,"Tuesday"
"04-dynamic-c.rotterdam.luna.net",40310,1995-07-03 18:58:56,"Tuesday"
"04-dynamic-c.rotterdam.luna.net",12418,1995-07-03 18:59:30,"Tuesday"
"04-dynamic-c.rotterdam.luna.net",12054,1995-07-03 18:59:32,"Tuesday"
"04-dynamic-c.rotterdam.luna.net",6923,1995-07-03 19:01:15,"Tuesday"
"04-dynamic-c.wokingham.luna.net",7074,1995-07-04 13:22:38,"Tuesday"
"04-dynamic-c.wokingham.luna.net",786,1995-07-04 13:22:43,"Tuesday"
"04-dynamic-c.wokingham.luna.net",234,1995-07-04 13:22:43,"Tuesday"
"04-dynamic-c.wokingham.luna.net",363,1995-07-04 13:22:43,"Tuesday"
"04-dynamic-c.wokingham.luna.net",669,1995-07-04 13:22:45,"Tuesday"
"04-dynamic-c.wokingham.luna.net",5866,1995-07-04 13:22:47,"Tuesday"
"04-dynamic-c.wokingham.luna.net",8677,1995-07-04 13:23:03,"Tuesday"
"04-dynamic-c.wokingham.luna.net",11853,1995-07-04 13:23:06,"Tuesday"
"04-dynamic-c.wokingham.luna.net",1204,1995-07-04 13:23:18,"Tuesday"
"04-dynamic-c.wokingham.luna.net",12451,1995-07-04 13:23:48,"Tuesday"
"04-dynamic-c.wokingham.luna.net",12054,1995-07-04 13:23:52,"Tuesday"
"04-dynamic-c.wokingham.luna.net",1204,1995-07-04 13:24:21,"Tuesday"
"04-dynamic-c.wokingham.luna.net",1713,1995-07-04 13:24:22,"Tuesday"
"04-dynamic-c.wokingham.luna.net",32303,1995-07-04 13:26:30,"Tuesday"
"04-dynamic-c.wokingham.luna.net",8089,1995-07-04 13:27:17,"Tuesday"
"04-dynamic-c.wokingham.luna.net",4179,1995-07-04 13:27:21,"Tuesday"
"04-dynamic-c.wokingham.luna.net",3635,1995-07-04 13:27:24,"Tuesday"
"04-dynamic-c.wokingham.luna.net",1932,1995-07-04 13:27:24,"Tuesday"
"04-dynamic-c.wokingham.luna.net",6720,1995-07-04 13:28:11,"Tuesday"
"04-dynamic-c.wokingham.luna.net",10495,1995-07-04 13:28:13,"Tuesday"
"04-dynamic-c.wokingham.luna.net",3985,1995-07-04 13:29:34,"Tuesday"
"04-dynamic-c.wokingham.luna.net",40310,1995-07-04 13:29:42,"Tuesday"
"04-dynamic-c.wokingham.luna.net",3089,1995-07-04 13:30:20,"Tuesday"
"04-dynamic-c.wokingham.luna.net",65536,1995-07-04 13:32:19,"Tuesday"
"04-dynamic-c.wokingham.luna.net",73728,1995-07-04 13:33:16,"Tuesday"
"04-dynamic-c.wokingham.luna.net",7131,1995-08-20 13:24:16,"Sunday"
"04-dynamic-c.wokingham.luna.net",5866,1995-08-20 13:24:18,"Sunday"
"04-dynamic-c.wokingham.luna.net",786,1995-08-20 13:24:21,"Sunday"
"04-dynamic-c.wokingham.luna.net",363,1995-08-20 13:24:22,"Sunday"
"04-dynamic-c.wokingham.luna.net",234,1995-08-20 13:24:22,"Sunday"
"04-dynamic-c.wokingham.luna.net",669,1995-08-20 13:24:24,"Sunday"
"049.215.goodnet.com",8677,1995-08-19 18:20:30,"Sunday"
"049.215.goodnet.com",11853,1995-08-19 18:20:32,"Sunday"
"049.215.goodnet.com",786,1995-08-19 18:20:33,"Sunday"
"049.215.goodnet.com",1204,1995-08-19 18:20:33,"Sunday"
"049.215.goodnet.com",1713,1995-08-19 18:20:47,"Sunday"
"049.215.goodnet.com",1173,1995-08-19 18:20:47,"Sunday"
"05-dynamic-c.rotterdam.luna.net",8677,1995-07-05 02:37:35,"Wednesday"
"05-dynamic-c.rotterdam.luna.net",11853,1995-07-05 02:37:43,"Wednesday"
"05-dynamic-c.rotterdam.luna.net",8677,1995-07-05 02:39:20,"Wednesday"
"05-dynamic-c.rotterdam.luna.net",11853,1995-07-05 02:39:28,"Wednesday"
"05-dynamic-c.rotterdam.luna.net",0,1995-07-05 02:40:33,"Wednesday"
"05-dynamic-c.rotterdam.luna.net",0,1995-07-05 02:40:33,"Wednesday"
"05-dynamic-c.rotterdam.luna.net",21385,1995-07-05 02:40:46,"Wednesday"
"05-dynamic-c.rotterdam.luna.net",17083,1995-07-05 02:40:55,"Wednesday"
"05-dynamic-c.rotterdam.luna.net",12451,1995-07-05 02:41:39,"Wednesday"
"05-dynamic-c.rotterdam.luna.net",12054,1995-07-05 02:41:48,"Wednesday"
"05-dynamic-c.rotterdam.luna.net",0,1995-07-05 02:42:47,"Wednesday"
"05-dynamic-c.rotterdam.luna.net",40310,1995-07-05 02:43:00,"Wednesday"
"05-dynamic-c.rotterdam.luna.net",16102,1995-07-06 00:56:39,"Thursday"
"05-dynamic-c.rotterdam.luna.net",509,1995-07-06 00:57:00,"Thursday"
"05-dynamic-c.rotterdam.luna.net",527,1995-07-06 00:57:00,"Thursday"
"05-dynamic-c.rotterdam.luna.net",509,1995-07-06 00:57:16,"Thursday"
"05-dynamic-c.rotterdam.luna.net",527,1995-07-06 00:57:16,"Thursday"
"05-dynamic-c.wokingham.luna.net",7071,1995-07-15 11:09:44,"Saturday"
"05-dynamic-c.wokingham.luna.net",5866,1995-07-15 11:09:47,"Saturday"
"05-dynamic-c.wokingham.luna.net",786,1995-07-15 11:09:58,"Saturday"
"05-dynamic-c.wokingham.luna.net",363,1995-07-15 11:09:58,"Saturday"
"05-dynamic-c.wokingham.luna.net",234,1995-07-15 11:09:58,"Saturday"
"05-dynamic-c.wokingham.luna.net",669,1995-07-15 11:09:59,"Saturday"
"05-dynamic-c.wokingham.luna.net",8529,1995-07-15 11:10:55,"Saturday"
"05-dynamic-c.wokingham.luna.net",48305,1995-07-15 11:14:11,"Saturday"
"05-dynamic-c.wokingham.luna.net",7131,1995-08-17 16:38:42,"Thursday"
"05-dynamic-c.wokingham.luna.net",5866,1995-08-17 16:38:45,"Thursday"
"05-dynamic-c.wokingham.luna.net",786,1995-08-17 16:38:50,"Thursday"
"05-dynamic-c.wokingham.luna.net",363,1995-08-17 16:38:50,"Thursday"
"05-dynamic-c.wokingham.luna.net",234,1995-08-17 16:38:50,"Thursday"
"05-dynamic-c.wokingham.luna.net",669,1995-08-17 16:38:50,"Thursday"
"05-dynamic-c.wokingham.luna.net",4673,1995-08-17 16:39:38,"Thursday"
"05-dynamic-c.wokingham.luna.net",46053,1995-08-17 16:39:45,"Thursday"
"05-dynamic-c.wokingham.luna.net",1204,1995-08-17 16:40:26,"Thursday"
"05-dynamic-c.wokingham.luna.net",4673,1995-08-17 16:40:37,"Thursday"
"05-dynamic-c.wokingham.luna.net",46053,1995-08-17 16:40:56,"Thursday"
"05-dynamic-c.wokingham.luna.net",786,1995-08-17 16:41:11,"Thursday"
"05-dynamic-c.wokingham.luna.net",1204,1995-08-17 16:41:11,"Thursday"
"05-dynamic-c.wokingham.luna.net",4673,1995-08-17 16:41:28,"Thursday"
"05-dynamic-c.wokingham.luna.net",46053,1995-08-17 16:41:34,"Thursday"
"05-dynamic-c.wokingham.luna.net",786,1995-08-17 16:41:48,"Thursday"
"05-dynamic-c.wokingham.luna.net",1204,1995-08-17 16:41:48,"Thursday"
"05-dynamic-c.wokingham.luna.net",11996,1995-08-17 16:44:56,"Thursday"
"05-dynamic-c.wokingham.luna.net",8083,1995-08-17 16:44:59,"Thursday"
"05-dynamic-c.wokingham.luna.net",1713,1995-08-17 16:45:11,"Thursday"
"05-dynamic-c.wokingham.luna.net",1173,1995-08-17 16:45:11,"Thursday"
"05-dynamic-c.wokingham.luna.net",5146,1995-08-17 16:47:18,"Thursday"
"05-dynamic-c.wokingham.luna.net",65536,1995-08-17 16:47:36,"Thursday"
"05-dynamic-c.wokingham.luna.net",543,1995-08-17 16:47:44,"Thursday"
"05-dynamic-c.wokingham.luna.net",69067,1995-08-17 16:48:11,"Thursday"
"052.215.goodnet.com",7089,1995-08-24 13:52:03,"Thursday"
"052.215.goodnet.com",5866,1995-08-24 13:52:04,"Thursday"
"052.215.goodnet.com",786,1995-08-24 13:52:05,"Thursday"
"052.215.goodnet.com",363,1995-08-24 13:52:05,"Thursday"
"052.215.goodnet.com",234,1995-08-24 13:52:05,"Thursday"
"052.215.goodnet.com",669,1995-08-24 13:52:06,"Thursday"
"052.215.goodnet.com",18556,1995-08-25 16:53:11,"Friday"
"052.215.goodnet.com",12859,1995-08-25 16:53:12,"Friday"
"052.215.goodnet.com",3635,1995-08-25 16:53:16,"Friday"
"052.215.goodnet.com",4209,1995-08-25 16:53:16,"Friday"
"052.215.goodnet.com",1583,1995-08-25 16:54:51,"Friday"
"052.215.goodnet.com",1851,1995-08-25 16:55:04,"Friday"
"052.215.goodnet.com",509,1995-08-25 16:55:05,"Friday"
"052.215.goodnet.com",527,1995-08-25 16:55:05,"Friday"
"052.215.goodnet.com",509,1995-08-25 16:55:05,"Friday"
"052.215.goodnet.com",1732,1995-08-25 16:55:09,"Friday"
"052.215.goodnet.com",527,1995-08-25 16:55:10,"Friday"
"052.215.goodnet.com",1157,1995-08-25 16:55:19,"Friday"
"052.215.goodnet.com",530,1995-08-25 16:55:20,"Friday"
"052.215.goodnet.com",127045,1995-08-25 16:55:45,"Friday"
"052.215.goodnet.com",6685,1995-08-25 16:55:52,"Friday"
"052.215.goodnet.com",66764,1995-08-25 16:56:08,"Friday"
"052.215.goodnet.com",1732,1995-08-25 16:56:36,"Friday"
"052.215.goodnet.com",1851,1995-08-25 16:56:42,"Friday"
"052.215.goodnet.com",99942,1995-08-25 16:56:59,"Friday"
"052.215.goodnet.com",1851,1995-08-25 16:58:14,"Friday"
"052.215.goodnet.com",377,1995-08-25 16:58:40,"Friday"
"052.215.goodnet.com",1732,1995-08-25 16:58:43,"Friday"
"052.215.goodnet.com",1732,1995-08-25 16:58:54,"Friday"
"052.215.goodnet.com",945,1995-08-25 16:58:57,"Friday"
"052.215.goodnet.com",530,1995-08-25 16:58:59,"Friday"
"052.215.goodnet.com",1732,1995-08-25 16:59:00,"Friday"
"052.215.goodnet.com",945,1995-08-25 16:59:04,"Friday"
"052.215.goodnet.com",1732,1995-08-25 16:59:14,"Friday"
"052.215.goodnet.com",1732,1995-08-25 16:59:24,"Friday"
"052.215.goodnet.com",377,1995-08-25 16:59:30,"Friday"
"052.215.goodnet.com",1732,1995-08-25 16:59:34,"Friday"
"052.215.goodnet.com",6245,1995-08-25 16:59:38,"Friday"
"06-dynamic-c.rotterdam.luna.net",3985,1995-07-04 03:31:24,"Tuesday"
"06-dynamic-c.rotterdam.luna.net",786,1995-07-04 03:31:40,"Tuesday"
"06-dynamic-c.rotterdam.luna.net",1204,1995-07-04 03:31:41,"Tuesday"
"06-dynamic-c.rotterdam.luna.net",40310,1995-07-04 03:31:49,"Tuesday"
"06-dynamic-c.rotterdam.luna.net",3214,1995-07-04 03:33:08,"Tuesday"
"06-dynamic-c.rotterdam.luna.net",4535,1995-07-04 03:33:26,"Tuesday"
"06-dynamic-c.rotterdam.luna.net",49152,1995-07-04 03:34:23,"Tuesday"
"06-dynamic-c.rotterdam.luna.net",543,1995-07-04 03:34:29,"Tuesday"
"06-dynamic-c.rotterdam.luna.net",4535,1995-07-04 03:34:57,"Tuesday"
"06-dynamic-c.rotterdam.luna.net",49152,1995-07-04 03:47:33,"Tuesday"
"06-dynamic-c.rotterdam.luna.net",3345,1995-07-14 15:04:45,"Friday"
"06-dynamic-c.rotterdam.luna.net",13994,1995-07-14 15:04:46,"Friday"
"06-dynamic-c.rotterdam.luna.net",786,1995-07-14 15:04:47,"Friday"
"06-dynamic-c.rotterdam.luna.net",2489,1995-07-14 15:05:34,"Friday"
"06-dynamic-c.rotterdam.luna.net",3635,1995-07-14 15:05:41,"Friday"
"06-dynamic-c.rotterdam.luna.net",58026,1995-07-14 15:05:45,"Friday"
"06-dynamic-c.rotterdam.luna.net",2537,1995-07-14 15:05:49,"Friday"
"06-dynamic-c.rotterdam.luna.net",4142,1995-07-14 15:06:12,"Friday"
"06-dynamic-c.rotterdam.luna.net",65576,1995-07-14 15:06:27,"Friday"
"06-dynamic-c.rotterdam.luna.net",2167,1995-07-14 15:07:05,"Friday"
"06-dynamic-c.rotterdam.luna.net",5026,1995-07-14 15:07:07,"Friday"
"07-dynamic-c.rotterdam.luna.net",1602,1995-07-19 14:18:09,"Wednesday"
"07-dynamic-c.rotterdam.luna.net",9630,1995-07-19 14:18:11,"Wednesday"
"07-dynamic-c.rotterdam.luna.net",786,1995-07-19 14:18:12,"Wednesday"
"07-dynamic-c.rotterdam.luna.net",1204,1995-07-19 14:18:12,"Wednesday"
"0772jela.jelke.rpslmc.edu",651,1995-07-24 14:01:49,"Monday"
"0772jela.jelke.rpslmc.edu",786,1995-07-24 14:01:55,"Monday"
"0772jela.jelke.rpslmc.edu",1204,1995-07-24 14:01:55,"Monday"
"07mb369b.uni-duisburg.de",7034,1995-08-07 07:37:28,"Monday"
"07mb369b.uni-duisburg.de",5866,1995-08-07 07:37:32,"Monday"
"07mb369b.uni-duisburg.de",363,1995-08-07 07:37:48,"Monday"
"07mb369b.uni-duisburg.de",234,1995-08-07 07:37:48,"Monday"
"07mb369b.uni-duisburg.de",786,1995-08-07 07:37:51,"Monday"
"07mb369b.uni-duisburg.de",669,1995-08-07 07:37:57,"Monday"
"08-dynamic-c.rotterdam.luna.net",11175,1995-07-05 15:33:16,"Wednesday"
"08-dynamic-c.rotterdam.luna.net",41397,1995-07-05 15:33:19,"Wednesday"
"08-dynamic-c.rotterdam.luna.net",3635,1995-07-05 15:33:46,"Wednesday"
"08-dynamic-c.rotterdam.luna.net",4209,1995-07-05 15:33:47,"Wednesday"
"08-dynamic-c.rotterdam.luna.net",9866,1995-08-08 06:21:12,"Tuesday"
"086.msy4.communique.net",3258,1995-07-04 14:34:09,"Tuesday"
"086.msy4.communique.net",18149,1995-07-04 14:34:11,"Tuesday"
"086.msy4.communique.net",3635,1995-07-04 14:34:12,"Tuesday"
"086.msy4.communique.net",3047,1995-07-04 14:34:14,"Tuesday"
"086.msy4.communique.net",18114,1995-07-04 14:34:35,"Tuesday"
"086.msy4.communique.net",12859,1995-07-04 14:34:37,"Tuesday"
"086.msy4.communique.net",4209,1995-07-04 14:34:50,"Tuesday"
"086.msy4.communique.net",7008,1995-07-04 14:41:01,"Tuesday"
"086.msy4.communique.net",13116,1995-07-04 14:41:04,"Tuesday"
"086.msy4.communique.net",2537,1995-07-04 14:41:06,"Tuesday"
"086.msy4.communique.net",283389,1995-07-04 14:43:56,"Tuesday"
"0875pr3e.pro.rpslmc.edu",8677,1995-08-14 11:58:16,"Monday"
"0875pr3e.pro.rpslmc.edu",11853,1995-08-14 11:58:17,"Monday"
"0875pr3e.pro.rpslmc.edu",786,1995-08-14 11:58:18,"Monday"
"0875pr3e.pro.rpslmc.edu",1204,1995-08-14 11:58:18,"Monday"
"0875pr3e.pro.rpslmc.edu",7131,1995-08-14 11:58:33,"Monday"
"0875pr3e.pro.rpslmc.edu",5866,1995-08-14 11:58:33,"Monday"
"0875pr3e.pro.rpslmc.edu",363,1995-08-14 11:58:36,"Monday"
"0875pr3e.pro.rpslmc.edu",234,1995-08-14 11:58:36,"Monday"
"0875pr3e.pro.rpslmc.edu",669,1995-08-14 11:58:36,"Monday"
"0875pr3e.pro.rpslmc.edu",1602,1995-08-14 11:59:05,"Monday"
"0875pr3e.pro.rpslmc.edu",9630,1995-08-14 11:59:06,"Monday"
"0875pr3e.pro.rpslmc.edu",3260,1995-08-14 11:59:21,"Monday"
"0875pr3e.pro.rpslmc.edu",18149,1995-08-14 11:59:21,"Monday"
"0875pr3e.pro.rpslmc.edu",1173,1995-08-14 11:59:21,"Monday"
"0875pr3e.pro.rpslmc.edu",2766,1995-08-14 11:59:35,"Monday"
"0875pr3e.pro.rpslmc.edu",5086,1995-08-14 11:59:54,"Monday"
"0885-12.etech.fh-hamburg.de",7071,1995-07-20 06:05:00,"Thursday"
"0885-12.etech.fh-hamburg.de",5866,1995-07-20 06:08:05,"Thursday"
"0885-12.etech.fh-hamburg.de",786,1995-07-20 06:08:58,"Thursday"
"0885-12.etech.fh-hamburg.de",363,1995-07-20 06:10:27,"Thursday"
"0885-12.etech.fh-hamburg.de",234,1995-07-20 06:10:29,"Thursday"
"0885-12.etech.fh-hamburg.de",669,1995-07-20 06:10:33,"Thursday"
"0885-12.etech.fh-hamburg.de",84905,1995-07-20 07:14:44,"Thursday"
"1.ts1.mnet.medstroms.se",7131,1995-08-08 13:11:23,"Tuesday"
"1.ts1.mnet.medstroms.se",5866,1995-08-08 13:11:25,"Tuesday"
"1.ts1.mnet.medstroms.se",786,1995-08-08 13:11:28,"Tuesday"
"1.ts1.mnet.medstroms.se",363,1995-08-08 13:11:28,"Tuesday"
"1.ts1.mnet.medstroms.se",234,1995-08-08 13:11:30,"Tuesday"
"1.ts1.mnet.medstroms.se",669,1995-08-08 13:11:37,"Tuesday"
"1.ts1.mnet.medstroms.se",19338,1995-08-08 13:11:41,"Tuesday"
"1.ts1.mnet.medstroms.se",651,1995-08-08 13:11:44,"Tuesday"
"1.ts1.mnet.medstroms.se",1204,1995-08-08 13:11:54,"Tuesday"
"1.ts1.mnet.medstroms.se",0,1995-08-08 13:12:14,"Tuesday"
"1.ts1.mnet.medstroms.se",4673,1995-08-08 13:12:15,"Tuesday"
"1.ts1.mnet.medstroms.se",46053,1995-08-08 13:12:24,"Tuesday"
"1.ts1.mnet.medstroms.se",2443,1995-08-08 13:12:55,"Tuesday"
"1.ts1.mnet.medstroms.se",29717,1995-08-08 13:13:10,"Tuesday"
"1.ts1.mnet.medstroms.se",11264,1995-08-11 13:59:29,"Friday"
"1.ts1.mnet.medstroms.se",8083,1995-08-11 13:59:31,"Friday"
"1.ts1.mnet.medstroms.se",1204,1995-08-11 13:59:39,"Friday"
"1.ts1.mnet.medstroms.se",1713,1995-08-11 13:59:40,"Friday"
"1.ts1.mnet.medstroms.se",1173,1995-08-11 13:59:40,"Friday"
"1.ts1.mnet.medstroms.se",4506,1995-08-11 13:59:55,"Friday"
"1.ts1.mnet.medstroms.se",52516,1995-08-11 14:00:09,"Friday"
"1.ts1.mnet.medstroms.se",8089,1995-08-11 14:01:23,"Friday"
"1.ts1.mnet.medstroms.se",4179,1995-08-11 14:01:26,"Friday"
"1.ts1.mnet.medstroms.se",3635,1995-08-11 14:01:30,"Friday"
"1.ts1.mnet.medstroms.se",1932,1995-08-11 14:01:30,"Friday"
"1.ts1.mnet.medstroms.se",7131,1995-08-11 14:04:14,"Friday"
"1.ts1.mnet.medstroms.se",5866,1995-08-11 14:04:16,"Friday"
"1.ts1.mnet.medstroms.se",786,1995-08-11 14:04:20,"Friday"
"1.ts1.mnet.medstroms.se",363,1995-08-11 14:04:20,"Friday"
"1.ts1.mnet.medstroms.se",234,1995-08-11 14:04:20,"Friday"
"1.ts1.mnet.medstroms.se",669,1995-08-11 14:04:23,"Friday"
"1.ts2.mnet.medstroms.se",4179,1995-08-05 14:13:50,"Saturday"
"1.ts2.mnet.medstroms.se",84905,1995-08-05 14:14:00,"Saturday"
"1.ts2.mnet.medstroms.se",1204,1995-08-05 14:14:08,"Saturday"
"1.ts2.mnet.medstroms.se",1713,1995-08-05 14:14:08,"Saturday"
"1.ts2.mnet.medstroms.se",4179,1995-08-17 12:59:53,"Thursday"
"1.ts2.mnet.medstroms.se",81920,1995-08-17 13:00:17,"Thursday"
"10-dynamic-c.rotterdam.luna.net",1502,1995-07-05 02:41:32,"Wednesday"
"10-dynamic-c.rotterdam.luna.net",9630,1995-07-05 02:41:36,"Wednesday"
"10-dynamic-c.rotterdam.luna.net",786,1995-07-05 02:41:36,"Wednesday"
"10-dynamic-c.rotterdam.luna.net",1204,1995-07-05 02:41:36,"Wednesday"
"10.salc.wsu.edu",7074,1995-07-03 23:10:26,"Tuesday"
"10.salc.wsu.edu",786,1995-07-03 23:10:28,"Tuesday"
"10.salc.wsu.edu",5866,1995-07-03 23:10:28,"Tuesday"
"10.salc.wsu.edu",234,1995-07-03 23:10:28,"Tuesday"
"10.salc.wsu.edu",363,1995-07-03 23:10:29,"Tuesday"
"10.salc.wsu.edu",669,1995-07-03 23:10:31,"Tuesday"
"10.ts2.mnet.medstroms.se",98304,1995-07-04 15:28:37,"Tuesday"
"10.ts2.mnet.medstroms.se",4142,1995-07-17 09:42:56,"Monday"
"10.ts2.mnet.medstroms.se",786,1995-07-17 09:43:01,"Monday"
"10.ts2.mnet.medstroms.se",65576,1995-07-17 09:43:30,"Monday"
"10.ts2.mnet.medstroms.se",7225,1995-07-17 10:16:38,"Monday"
"10.ts2.mnet.medstroms.se",11264,1995-08-12 00:58:12,"Saturday"
"10.ts2.mnet.medstroms.se",8083,1995-08-12 00:58:14,"Saturday"
"10.ts2.mnet.medstroms.se",0,1995-08-12 00:58:18,"Saturday"
"10.ts2.mnet.medstroms.se",0,1995-08-12 00:58:18,"Saturday"
"10.ts2.mnet.medstroms.se",0,1995-08-12 00:58:20,"Saturday"
"10.ts2.mnet.medstroms.se",0,1995-08-12 00:59:30,"Saturday"
"10.ts2.mnet.medstroms.se",374,1995-08-12 00:59:31,"Saturday"
"10.ts2.mnet.medstroms.se",509,1995-08-12 00:59:32,"Saturday"
"10.ts2.mnet.medstroms.se",527,1995-08-12 00:59:33,"Saturday"
"10.ts2.mnet.medstroms.se",16197,1995-08-12 00:59:51,"Saturday"
"10.ts2.mnet.medstroms.se",116194,1995-08-12 01:00:41,"Saturday"
"10.ts2.mnet.medstroms.se",4673,1995-08-12 01:00:59,"Saturday"
"10.ts2.mnet.medstroms.se",0,1995-08-12 01:01:02,"Saturday"
"10.ts2.mnet.medstroms.se",46053,1995-08-12 01:01:07,"Saturday"
"100.144.med.umich.edu",3998,1995-07-06 11:30:48,"Thursday"
"100.144.med.umich.edu",786,1995-07-06 11:30:50,"Thursday"
"100.144.med.umich.edu",40310,1995-07-06 11:30:50,"Thursday"
"100.144.med.umich.edu",1204,1995-07-06 11:30:51,"Thursday"
"100.144.med.umich.edu",7634,1995-07-06 11:31:09,"Thursday"
"100.144.med.umich.edu",31242,1995-07-06 11:32:32,"Thursday"
"100.144.med.umich.edu",45966,1995-07-06 11:32:57,"Thursday"
"100.144.med.umich.edu",66202,1995-07-06 11:34:16,"Thursday"
"100.144.med.umich.edu",25439,1995-07-06 11:35:23,"Thursday"
"100.144.med.umich.edu",52491,1995-07-06 11:35:57,"Thursday"
"100.144.med.umich.edu",46888,1995-07-06 11:36:49,"Thursday"
"100.144.med.umich.edu",34029,1995-07-06 11:37:35,"Thursday"
"100.144.med.umich.edu",3258,1995-07-06 13:10:44,"Thursday"
"100.144.med.umich.edu",18149,1995-07-06 13:10:46,"Thursday"
"100.144.med.umich.edu",3635,1995-07-06 13:10:46,"Thursday"
"100.144.med.umich.edu",3047,1995-07-06 13:10:47,"Thursday"
"100.144.med.umich.edu",5086,1995-07-06 13:11:02,"Thursday"
"100.144.med.umich.edu",2522,1995-07-06 13:12:54,"Thursday"
"100.144.med.umich.edu",4452,1995-07-06 13:13:02,"Thursday"
"10044.geo.net",7067,1995-07-05 22:18:39,"Thursday"
"10044.geo.net",5866,1995-07-05 22:18:42,"Thursday"
"10044.geo.net",234,1995-07-05 22:18:45,"Thursday"
"10044.geo.net",786,1995-07-05 22:18:47,"Thursday"
"10044.geo.net",363,1995-07-05 22:18:48,"Thursday"
"10044.geo.net",669,1995-07-05 22:18:49,"Thursday"
"10044.geo.net",17314,1995-07-05 22:19:44,"Thursday"
"10044.geo.net",651,1995-07-05 22:19:47,"Thursday"
"10044.geo.net",1204,1995-07-05 22:19:52,"Thursday"
"10044.geo.net",3998,1995-07-06 19:58:08,"Friday"
"10044.geo.net",40310,1995-07-06 19:58:12,"Friday"
"10044.geo.net",786,1995-07-06 19:58:49,"Friday"
"10044.geo.net",7634,1995-07-06 19:59:39,"Friday"
"10044.geo.net",46888,1995-07-06 20:00:40,"Friday"
"10044.geo.net",13436,1995-07-06 20:02:50,"Friday"
"10044.geo.net",12054,1995-07-06 20:02:53,"Friday"
"10044.geo.net",1204,1995-07-06 20:03:07,"Friday"
"10044.geo.net",1713,1995-07-06 20:03:11,"Friday"
"10044.geo.net",6772,1995-07-06 20:03:39,"Friday"
"10044.geo.net",8089,1995-07-06 20:04:50,"Friday"
"10044.geo.net",4179,1995-07-06 20:04:53,"Friday"
"10044.geo.net",3635,1995-07-06 20:04:58,"Friday"
"10044.geo.net",1932,1995-07-06 20:05:00,"Friday"
"10044.geo.net",8089,1995-07-06 20:06:16,"Friday"
"10044.geo.net",2657,1995-07-06 20:06:52,"Friday"
"10044.geo.net",14977,1995-07-06 20:06:59,"Friday"
"10044.geo.net",4209,1995-07-06 20:06:59,"Friday"
"10044.geo.net",3258,1995-07-06 20:07:44,"Friday"
"10044.geo.net",18149,1995-07-06 20:07:47,"Friday"
"10044.geo.net",3047,1995-07-06 20:07:53,"Friday"
"10044.geo.net",1602,1995-07-06 20:08:09,"Friday"
"10044.geo.net",9630,1995-07-06 20:08:12,"Friday"
"10044.geo.net",28847,1995-07-06 20:08:26,"Friday"
"101.irri.cgiar.org",5998,1995-08-22 01:27:25,"Tuesday"
"101.irri.cgiar.org",3293,1995-08-22 01:27:27,"Tuesday"
"101.irri.cgiar.org",509,1995-08-22 01:27:54,"Tuesday"
"101.irri.cgiar.org",527,1995-08-22 01:27:54,"Tuesday"
"101.irri.cgiar.org",509,1995-08-22 01:27:54,"Tuesday"
"101.irri.cgiar.org",527,1995-08-22 01:27:54,"Tuesday"
"101.irri.cgiar.org",9648,1995-08-22 01:28:02,"Tuesday"
"101.irri.cgiar.org",4441,1995-08-22 01:28:05,"Tuesday"
"101.irri.cgiar.org",25218,1995-08-22 01:28:05,"Tuesday"
"101.irri.cgiar.org",13372,1995-08-22 01:28:05,"Tuesday"
"101.irri.cgiar.org",1204,1995-08-22 01:28:05,"Tuesday"
"101.irri.cgiar.org",363,1995-08-22 01:28:07,"Tuesday"
"101.irri.cgiar.org",234,1995-08-22 01:28:08,"Tuesday"
"101.irri.cgiar.org",669,1995-08-22 01:28:10,"Tuesday"
"103.135.med.umich.edu",4209,1995-07-25 06:42:39,"Tuesday"
"103.135.med.umich.edu",13583,1995-07-25 06:42:42,"Tuesday"
"103.135.med.umich.edu",2676,1995-07-25 06:58:06,"Tuesday"
"103.135.med.umich.edu",3635,1995-07-25 06:58:08,"Tuesday"
"103.135.med.umich.edu",3260,1995-07-25 06:59:17,"Tuesday"
"103.135.med.umich.edu",18149,1995-07-25 06:59:19,"Tuesday"
"103.135.med.umich.edu",1204,1995-07-25 06:59:19,"Tuesday"
"103.135.med.umich.edu",1173,1995-07-25 06:59:19,"Tuesday"
"1032015.ksc.nasa.gov",7067,1995-07-10 08:18:10,"Monday"
"1032015.ksc.nasa.gov",5866,1995-07-10 08:18:11,"Monday"
"1032015.ksc.nasa.gov",786,1995-07-10 08:18:11,"Monday"
"1032015.ksc.nasa.gov",363,1995-07-10 08:18:12,"Monday"
"1032015.ksc.nasa.gov",234,1995-07-10 08:18:12,"Monday"
"1032015.ksc.nasa.gov",669,1995-07-10 08:18:12,"Monday"
"1032015.ksc.nasa.gov",7067,1995-07-10 09:55:58,"Monday"
"1032015.ksc.nasa.gov",5866,1995-07-10 09:55:59,"Monday"
"1032015.ksc.nasa.gov",786,1995-07-10 09:56:00,"Monday"
"1032015.ksc.nasa.gov",363,1995-07-10 09:56:00,"Monday"
"1032015.ksc.nasa.gov",234,1995-07-10 09:56:00,"Monday"
"1032015.ksc.nasa.gov",669,1995-07-10 09:56:00,"Monday"
"1032015.ksc.nasa.gov",7067,1995-07-10 10:27:46,"Monday"
"1032015.ksc.nasa.gov",5866,1995-07-10 10:27:47,"Monday"
"1032015.ksc.nasa.gov",786,1995-07-10 10:27:47,"Monday"
"1032015.ksc.nasa.gov",363,1995-07-10 10:27:48,"Monday"
"1032015.ksc.nasa.gov",234,1995-07-10 10:27:48,"Monday"
"1032015.ksc.nasa.gov",669,1995-07-10 10:27:48,"Monday"
"1032015.ksc.nasa.gov",7067,1995-07-10 10:56:39,"Monday"
"1032015.ksc.nasa.gov",5866,1995-07-10 10:56:40,"Monday"
"1032015.ksc.nasa.gov",786,1995-07-10 10:56:40,"Monday"
"1032015.ksc.nasa.gov",363,1995-07-10 10:56:41,"Monday"
"1032015.ksc.nasa.gov",234,1995-07-10 10:56:41,"Monday"
"1032015.ksc.nasa.gov",669,1995-07-10 10:56:41,"Monday"
"1032015.ksc.nasa.gov",7067,1995-07-10 11:27:24,"Monday"
"1032015.ksc.nasa.gov",5866,1995-07-10 11:27:25,"Monday"
"1032015.ksc.nasa.gov",786,1995-07-10 11:27:26,"Monday"
"1032015.ksc.nasa.gov",363,1995-07-10 11:27:26,"Monday"
"1032015.ksc.nasa.gov",234,1995-07-10 11:27:26,"Monday"
"1032015.ksc.nasa.gov",669,1995-07-10 11:27:27,"Monday"
"1032015.ksc.nasa.gov",7067,1995-07-11 05:20:56,"Tuesday"
"1032015.ksc.nasa.gov",5866,1995-07-11 05:20:58,"Tuesday"
"1032015.ksc.nasa.gov",786,1995-07-11 05:21:01,"Tuesday"
"1032015.ksc.nasa.gov",363,1995-07-11 05:21:01,"Tuesday"
"1032015.ksc.nasa.gov",234,1995-07-11 05:21:02,"Tuesday"
"1032015.ksc.nasa.gov",669,1995-07-11 05:21:02,"Tuesday"
"1032015.ksc.nasa.gov",7067,1995-07-11 05:48:37,"Tuesday"
"1032015.ksc.nasa.gov",5866,1995-07-11 05:48:37,"Tuesday"
"1032015.ksc.nasa.gov",786,1995-07-11 05:48:38,"Tuesday"
"1032015.ksc.nasa.gov",363,1995-07-11 05:48:38,"Tuesday"
"1032015.ksc.nasa.gov",234,1995-07-11 05:48:38,"Tuesday"
"1032015.ksc.nasa.gov",669,1995-07-11 05:48:39,"Tuesday"
"1032015.ksc.nasa.gov",7067,1995-07-11 06:21:59,"Tuesday"
"1032015.ksc.nasa.gov",5866,1995-07-11 06:22:01,"Tuesday"
"1032015.ksc.nasa.gov",786,1995-07-11 06:22:04,"Tuesday"
"1032015.ksc.nasa.gov",363,1995-07-11 06:22:04,"Tuesday"
"1032015.ksc.nasa.gov",234,1995-07-11 06:22:04,"Tuesday"
"1032015.ksc.nasa.gov",669,1995-07-11 06:22:04,"Tuesday"
"1032015.ksc.nasa.gov",7062,1995-07-11 13:45:44,"Tuesday"
"1032015.ksc.nasa.gov",5866,1995-07-11 13:45:45,"Tuesday"
"1032015.ksc.nasa.gov",786,1995-07-11 13:45:47,"Tuesday"
"1032015.ksc.nasa.gov",363,1995-07-11 13:45:47,"Tuesday"
"1032015.ksc.nasa.gov",234,1995-07-11 13:45:47,"Tuesday"
"1032015.ksc.nasa.gov",669,1995-07-11 13:45:47,"Tuesday"
"1032015.ksc.nasa.gov",7062,1995-07-11 13:52:16,"Tuesday"
"1032015.ksc.nasa.gov",5866,1995-07-11 13:52:16,"Tuesday"
"1032015.ksc.nasa.gov",786,1995-07-11 13:52:17,"Tuesday"
"1032015.ksc.nasa.gov",363,1995-07-11 13:52:17,"Tuesday"
"1032015.ksc.nasa.gov",234,1995-07-11 13:52:17,"Tuesday"
"1032015.ksc.nasa.gov",669,1995-07-11 13:52:18,"Tuesday"
"1032015.ksc.nasa.gov",7062,1995-07-11 13:57:39,"Tuesday"
"1032015.ksc.nasa.gov",5866,1995-07-11 13:57:39,"Tuesday"
"1032015.ksc.nasa.gov",786,1995-07-11 13:57:40,"Tuesday"
"1032015.ksc.nasa.gov",234,1995-07-11 14:00:05,"Tuesday"
"1032015.ksc.nasa.gov",669,1995-07-11 14:00:06,"Tuesday"
"1032015.ksc.nasa.gov",7062,1995-07-11 14:02:49,"Tuesday"
"1032015.ksc.nasa.gov",5866,1995-07-11 14:02:49,"Tuesday"
"1032015.ksc.nasa.gov",786,1995-07-11 14:02:50,"Tuesday"
"1032015.ksc.nasa.gov",363,1995-07-11 14:02:50,"Tuesday"
"1032015.ksc.nasa.gov",234,1995-07-11 14:02:50,"Tuesday"
"1032015.ksc.nasa.gov",669,1995-07-11 14:02:50,"Tuesday"
"1032015.ksc.nasa.gov",7062,1995-07-13 15:22:22,"Thursday"
"1032015.ksc.nasa.gov",5866,1995-07-13 15:22:23,"Thursday"
"1032015.ksc.nasa.gov",786,1995-07-13 15:22:24,"Thursday"
"1032015.ksc.nasa.gov",363,1995-07-13 15:22:24,"Thursday"
"1032015.ksc.nasa.gov",234,1995-07-13 15:22:24,"Thursday"
"1032015.ksc.nasa.gov",669,1995-07-13 15:22:24,"Thursday"
"1032015.ksc.nasa.gov",7071,1995-07-14 06:01:19,"Friday"
"1032015.ksc.nasa.gov",5866,1995-07-14 06:01:20,"Friday"
"1032015.ksc.nasa.gov",786,1995-07-14 06:01:20,"Friday"
"1032015.ksc.nasa.gov",363,1995-07-14 06:01:21,"Friday"
"1032015.ksc.nasa.gov",234,1995-07-14 06:01:21,"Friday"
"1032015.ksc.nasa.gov",669,1995-07-14 06:01:21,"Friday"
"1032015.ksc.nasa.gov",7071,1995-07-14 07:27:45,"Friday"
"1032015.ksc.nasa.gov",5866,1995-07-14 07:27:46,"Friday"
"1032015.ksc.nasa.gov",786,1995-07-14 07:27:47,"Friday"
"1032015.ksc.nasa.gov",363,1995-07-14 07:27:47,"Friday"
"1032015.ksc.nasa.gov",234,1995-07-14 07:27:47,"Friday"
"1032015.ksc.nasa.gov",669,1995-07-14 07:27:47,"Friday"
"1032015.ksc.nasa.gov",7131,1995-08-11 06:40:02,"Friday"
"1032015.ksc.nasa.gov",5866,1995-08-11 06:40:02,"Friday"
"1032015.ksc.nasa.gov",786,1995-08-11 06:40:03,"Friday"
"1032015.ksc.nasa.gov",363,1995-08-11 06:40:03,"Friday"
"1032015.ksc.nasa.gov",234,1995-08-11 06:40:04,"Friday"
"1032015.ksc.nasa.gov",669,1995-08-11 06:40:04,"Friday"
"1032015.ksc.nasa.gov",7131,1995-08-14 06:49:09,"Monday"
"1032015.ksc.nasa.gov",5866,1995-08-14 06:49:10,"Monday"
"1032015.ksc.nasa.gov",786,1995-08-14 06:49:11,"Monday"
"1032015.ksc.nasa.gov",363,1995-08-14 06:49:12,"Monday"
"1032015.ksc.nasa.gov",234,1995-08-14 06:49:12,"Monday"
"1032015.ksc.nasa.gov",669,1995-08-14 06:49:12,"Monday"
"1032015.ksc.nasa.gov",7131,1995-08-14 11:18:09,"Monday"
"1032015.ksc.nasa.gov",5866,1995-08-14 11:18:10,"Monday"
"1032015.ksc.nasa.gov",786,1995-08-14 11:18:10,"Monday"
"1032015.ksc.nasa.gov",363,1995-08-14 11:18:11,"Monday"
"1032015.ksc.nasa.gov",234,1995-08-14 11:18:11,"Monday"
"1032015.ksc.nasa.gov",669,1995-08-14 11:18:11,"Monday"
"1032015.ksc.nasa.gov",7131,1995-08-14 12:23:42,"Monday"
"1032015.ksc.nasa.gov",5866,1995-08-14 12:23:43,"Monday"
"1032015.ksc.nasa.gov",786,1995-08-14 12:23:43,"Monday"
"1032015.ksc.nasa.gov",363,1995-08-14 12:23:43,"Monday"
"1032015.ksc.nasa.gov",234,1995-08-14 12:23:44,"Monday"
"1032015.ksc.nasa.gov",669,1995-08-14 12:23:44,"Monday"
"1032015.ksc.nasa.gov",7131,1995-08-14 13:36:28,"Monday"
"1032015.ksc.nasa.gov",5866,1995-08-14 13:36:29,"Monday"
"1032015.ksc.nasa.gov",786,1995-08-14 13:36:29,"Monday"
"1032015.ksc.nasa.gov",363,1995-08-14 13:36:29,"Monday"
"1032015.ksc.nasa.gov",234,1995-08-14 13:36:30,"Monday"
"1032015.ksc.nasa.gov",669,1995-08-14 13:36:30,"Monday"
"1032015.ksc.nasa.gov",7131,1995-08-14 14:06:40,"Monday"
"1032015.ksc.nasa.gov",5866,1995-08-14 14:06:41,"Monday"
"1032015.ksc.nasa.gov",786,1995-08-14 14:06:42,"Monday"
"1032015.ksc.nasa.gov",363,1995-08-14 14:06:42,"Monday"
"1032015.ksc.nasa.gov",234,1995-08-14 14:06:42,"Monday"
"1032015.ksc.nasa.gov",669,1995-08-14 14:06:43,"Monday"
"1032015.ksc.nasa.gov",7131,1995-08-15 10:16:10,"Tuesday"
"1032015.ksc.nasa.gov",5866,1995-08-15 10:16:10,"Tuesday"
"1032015.ksc.nasa.gov",786,1995-08-15 10:16:11,"Tuesday"
"1032015.ksc.nasa.gov",363,1995-08-15 10:16:12,"Tuesday"
"1032015.ksc.nasa.gov",234,1995-08-15 10:16:12,"Tuesday"
"1032015.ksc.nasa.gov",669,1995-08-15 10:16:12,"Tuesday"
"1032015.ksc.nasa.gov",7131,1995-08-15 10:57:18,"Tuesday"
"1032015.ksc.nasa.gov",5866,1995-08-15 10:57:19,"Tuesday"
"1032015.ksc.nasa.gov",786,1995-08-15 10:57:19,"Tuesday"
"1032015.ksc.nasa.gov",363,1995-08-15 10:57:20,"Tuesday"
"1032015.ksc.nasa.gov",234,1995-08-15 10:57:20,"Tuesday"
"1032015.ksc.nasa.gov",669,1995-08-15 10:57:20,"Tuesday"
"1032015.ksc.nasa.gov",7131,1995-08-16 13:29:13,"Wednesday"
"1032015.ksc.nasa.gov",5866,1995-08-16 13:29:14,"Wednesday"
"1032015.ksc.nasa.gov",786,1995-08-16 13:29:14,"Wednesday"
"1032015.ksc.nasa.gov",363,1995-08-16 13:29:14,"Wednesday"
"1032015.ksc.nasa.gov",234,1995-08-16 13:29:15,"Wednesday"
"1032015.ksc.nasa.gov",669,1995-08-16 13:29:15,"Wednesday"
"1032015.ksc.nasa.gov",7131,1995-08-17 05:35:46,"Thursday"
"1032015.ksc.nasa.gov",5866,1995-08-17 05:35:47,"Thursday"
"1032015.ksc.nasa.gov",786,1995-08-17 05:35:48,"Thursday"
"1032015.ksc.nasa.gov",363,1995-08-17 05:35:48,"Thursday"
"1032015.ksc.nasa.gov",234,1995-08-17 05:35:48,"Thursday"
"1032015.ksc.nasa.gov",669,1995-08-17 05:35:49,"Thursday"
"1032015.ksc.nasa.gov",7131,1995-08-17 12:49:57,"Thursday"
"1032015.ksc.nasa.gov",5866,1995-08-17 12:49:58,"Thursday"
"1032015.ksc.nasa.gov",786,1995-08-17 12:49:58,"Thursday"
"1032015.ksc.nasa.gov",363,1995-08-17 12:49:59,"Thursday"
"1032015.ksc.nasa.gov",234,1995-08-17 12:49:59,"Thursday"
"1032015.ksc.nasa.gov",669,1995-08-17 12:49:59,"Thursday"
"1032015.ksc.nasa.gov",7131,1995-08-18 08:32:47,"Friday"
"1032015.ksc.nasa.gov",5866,1995-08-18 08:32:48,"Friday"
"1032015.ksc.nasa.gov",786,1995-08-18 08:32:48,"Friday"
"1032015.ksc.nasa.gov",363,1995-08-18 08:32:49,"Friday"
"1032015.ksc.nasa.gov",234,1995-08-18 08:32:49,"Friday"
"1032015.ksc.nasa.gov",669,1995-08-18 08:32:49,"Friday"
"1032015.ksc.nasa.gov",7131,1995-08-18 10:07:58,"Friday"
"1032015.ksc.nasa.gov",5866,1995-08-18 10:07:58,"Friday"
"1032015.ksc.nasa.gov",786,1995-08-18 10:07:59,"Friday"
"1032015.ksc.nasa.gov",363,1995-08-18 10:07:59,"Friday"
"1032015.ksc.nasa.gov",234,1995-08-18 10:07:59,"Friday"
"1032015.ksc.nasa.gov",669,1995-08-18 10:08:00,"Friday"
"1032015.ksc.nasa.gov",7011,1995-08-22 07:05:05,"Tuesday"
"1032015.ksc.nasa.gov",5866,1995-08-22 07:05:06,"Tuesday"
"1032015.ksc.nasa.gov",786,1995-08-22 07:05:07,"Tuesday"
"1032015.ksc.nasa.gov",363,1995-08-22 07:05:07,"Tuesday"
"1032015.ksc.nasa.gov",234,1995-08-22 07:05:07,"Tuesday"
"1032015.ksc.nasa.gov",669,1995-08-22 07:05:07,"Tuesday"
"1032015.ksc.nasa.gov",7087,1995-08-22 11:11:53,"Tuesday"
"1032015.ksc.nasa.gov",5866,1995-08-22 11:11:54,"Tuesday"
"1032015.ksc.nasa.gov",786,1995-08-22 11:11:55,"Tuesday"
"1032015.ksc.nasa.gov",363,1995-08-22 11:11:55,"Tuesday"
"1032015.ksc.nasa.gov",234,1995-08-22 11:11:55,"Tuesday"
"1032015.ksc.nasa.gov",669,1995-08-22 11:11:55,"Tuesday"
"1032015.ksc.nasa.gov",7089,1995-08-23 06:23:58,"Wednesday"
"1032015.ksc.nasa.gov",5866,1995-08-23 06:23:58,"Wednesday"
"1032015.ksc.nasa.gov",786,1995-08-23 06:23:59,"Wednesday"
"1032015.ksc.nasa.gov",363,1995-08-23 06:23:59,"Wednesday"
"1032015.ksc.nasa.gov",234,1995-08-23 06:23:59,"Wednesday"
"1032015.ksc.nasa.gov",669,1995-08-23 06:23:59,"Wednesday"
"1032015.ksc.nasa.gov",7089,1995-08-23 08:09:47,"Wednesday"
"1032015.ksc.nasa.gov",5866,1995-08-23 08:09:48,"Wednesday"
"1032015.ksc.nasa.gov",786,1995-08-23 08:09:48,"Wednesday"
"1032015.ksc.nasa.gov",363,1995-08-23 08:09:49,"Wednesday"
"1032015.ksc.nasa.gov",234,1995-08-23 08:09:49,"Wednesday"
"1032015.ksc.nasa.gov",669,1995-08-23 08:09:49,"Wednesday"
"1032015.ksc.nasa.gov",7089,1995-08-23 09:46:26,"Wednesday"
"1032015.ksc.nasa.gov",5866,1995-08-23 09:46:27,"Wednesday"
"1032015.ksc.nasa.gov",786,1995-08-23 09:46:27,"Wednesday"
"1032015.ksc.nasa.gov",363,1995-08-23 09:46:28,"Wednesday"
"1032015.ksc.nasa.gov",234,1995-08-23 09:46:28,"Wednesday"
"1032015.ksc.nasa.gov",669,1995-08-23 09:46:28,"Wednesday"
"1032015.ksc.nasa.gov",7089,1995-08-23 11:44:19,"Wednesday"
"1032015.ksc.nasa.gov",5866,1995-08-23 11:44:20,"Wednesday"
"1032015.ksc.nasa.gov",786,1995-08-23 11:44:21,"Wednesday"
"1032015.ksc.nasa.gov",363,1995-08-23 11:44:21,"Wednesday"
"1032015.ksc.nasa.gov",234,1995-08-23 11:44:21,"Wednesday"
"1032015.ksc.nasa.gov",669,1995-08-23 11:44:21,"Wednesday"
"1032015.ksc.nasa.gov",7089,1995-08-24 05:19:57,"Thursday"
"1032015.ksc.nasa.gov",5866,1995-08-24 05:19:58,"Thursday"
"1032015.ksc.nasa.gov",786,1995-08-24 05:19:59,"Thursday"
"1032015.ksc.nasa.gov",363,1995-08-24 05:19:59,"Thursday"
"1032015.ksc.nasa.gov",234,1995-08-24 05:19:59,"Thursday"
"1032015.ksc.nasa.gov",669,1995-08-24 05:19:59,"Thursday"
"1032015.ksc.nasa.gov",7089,1995-08-24 09:43:21,"Thursday"
"1032015.ksc.nasa.gov",5866,1995-08-24 09:43:22,"Thursday"
"1032015.ksc.nasa.gov",786,1995-08-24 09:43:22,"Thursday"
"1032015.ksc.nasa.gov",363,1995-08-24 09:43:22,"Thursday"
"1032015.ksc.nasa.gov",234,1995-08-24 09:43:23,"Thursday"
"1032015.ksc.nasa.gov",669,1995-08-24 09:43:23,"Thursday"
"1032015.ksc.nasa.gov",7089,1995-08-24 12:08:36,"Thursday"
"1032015.ksc.nasa.gov",5866,1995-08-24 12:08:37,"Thursday"
"1032015.ksc.nasa.gov",786,1995-08-24 12:08:37,"Thursday"
"1032015.ksc.nasa.gov",363,1995-08-24 12:08:38,"Thursday"
"1032015.ksc.nasa.gov",234,1995-08-24 12:08:38,"Thursday"
"1032015.ksc.nasa.gov",669,1995-08-24 12:08:38,"Thursday"
"1032015.ksc.nasa.gov",7089,1995-08-28 05:20:32,"Monday"
"1032015.ksc.nasa.gov",5866,1995-08-28 05:20:33,"Monday"
"1032015.ksc.nasa.gov",786,1995-08-28 05:20:34,"Monday"
"1032015.ksc.nasa.gov",363,1995-08-28 05:20:34,"Monday"
"1032015.ksc.nasa.gov",234,1995-08-28 05:20:34,"Monday"
"1032015.ksc.nasa.gov",669,1995-08-28 05:20:34,"Monday"
"1032015.ksc.nasa.gov",7089,1995-08-28 05:38:45,"Monday"
"1032015.ksc.nasa.gov",5866,1995-08-28 05:38:46,"Monday"
"1032015.ksc.nasa.gov",786,1995-08-28 05:38:47,"Monday"
"1032015.ksc.nasa.gov",363,1995-08-28 05:38:47,"Monday"
"1032015.ksc.nasa.gov",234,1995-08-28 05:38:47,"Monday"
"1032015.ksc.nasa.gov",669,1995-08-28 05:38:47,"Monday"
"1032015.ksc.nasa.gov",7089,1995-08-28 06:53:24,"Monday"
"1032015.ksc.nasa.gov",5866,1995-08-28 06:53:25,"Monday"
"1032015.ksc.nasa.gov",786,1995-08-28 06:53:25,"Monday"
"1032015.ksc.nasa.gov",363,1995-08-28 06:53:26,"Monday"
"1032015.ksc.nasa.gov",234,1995-08-28 06:53:26,"Monday"
"1032015.ksc.nasa.gov",669,1995-08-28 06:53:26,"Monday"
"1032015.ksc.nasa.gov",7089,1995-08-28 10:27:51,"Monday"
"1032015.ksc.nasa.gov",5866,1995-08-28 10:27:51,"Monday"
"1032015.ksc.nasa.gov",786,1995-08-28 10:27:52,"Monday"
"1032015.ksc.nasa.gov",363,1995-08-28 10:27:52,"Monday"
"1032015.ksc.nasa.gov",234,1995-08-28 10:27:52,"Monday"
"1032015.ksc.nasa.gov",669,1995-08-28 10:27:53,"Monday"
"1032015.ksc.nasa.gov",7089,1995-08-30 11:41:53,"Wednesday"
"1032015.ksc.nasa.gov",5866,1995-08-30 11:41:54,"Wednesday"
"1032015.ksc.nasa.gov",786,1995-08-30 11:41:55,"Wednesday"
"1032015.ksc.nasa.gov",363,1995-08-30 11:41:55,"Wednesday"
"1032015.ksc.nasa.gov",234,1995-08-30 11:41:55,"Wednesday"
"1032015.ksc.nasa.gov",669,1995-08-30 11:41:56,"Wednesday"
"1032015.ksc.nasa.gov",7089,1995-08-30 12:05:00,"Wednesday"
"1032015.ksc.nasa.gov",5866,1995-08-30 12:05:01,"Wednesday"
"1032015.ksc.nasa.gov",786,1995-08-30 12:05:02,"Wednesday"
"1032015.ksc.nasa.gov",363,1995-08-30 12:05:02,"Wednesday"
"1032015.ksc.nasa.gov",234,1995-08-30 12:05:02,"Wednesday"
"1032015.ksc.nasa.gov",669,1995-08-30 12:05:02,"Wednesday"
"1032015.ksc.nasa.gov",7089,1995-08-30 12:30:11,"Wednesday"
"1032015.ksc.nasa.gov",5866,1995-08-30 12:30:12,"Wednesday"
"1032015.ksc.nasa.gov",786,1995-08-30 12:30:13,"Wednesday"
"1032015.ksc.nasa.gov",363,1995-08-30 12:30:13,"Wednesday"
"1032015.ksc.nasa.gov",234,1995-08-30 12:30:13,"Wednesday"
"1032015.ksc.nasa.gov",669,1995-08-30 12:30:13,"Wednesday"
"1032015.ksc.nasa.gov",7089,1995-08-31 05:32:46,"Thursday"
"1032015.ksc.nasa.gov",5866,1995-08-31 05:32:47,"Thursday"
"1032015.ksc.nasa.gov",786,1995-08-31 05:32:47,"Thursday"
"1032015.ksc.nasa.gov",363,1995-08-31 05:32:47,"Thursday"
"1032015.ksc.nasa.gov",234,1995-08-31 05:32:48,"Thursday"
"1032015.ksc.nasa.gov",669,1995-08-31 05:32:48,"Thursday"
"1032015.ksc.nasa.gov",7089,1995-08-31 10:10:13,"Thursday"
"1032015.ksc.nasa.gov",5866,1995-08-31 10:10:14,"Thursday"
"1032015.ksc.nasa.gov",786,1995-08-31 10:10:14,"Thursday"
"1032015.ksc.nasa.gov",363,1995-08-31 10:10:15,"Thursday"
"1032015.ksc.nasa.gov",234,1995-08-31 10:10:15,"Thursday"
"1032015.ksc.nasa.gov",669,1995-08-31 10:10:15,"Thursday"
"1032ap.sscl.uwo.ca",3985,1995-07-04 14:27:22,"Tuesday"
"1032ap.sscl.uwo.ca",786,1995-07-04 14:27:28,"Tuesday"
"1032ap.sscl.uwo.ca",1204,1995-07-04 14:27:28,"Tuesday"
"1032ap.sscl.uwo.ca",40310,1995-07-04 14:27:36,"Tuesday"
"1032by.sscl.uwo.ca",17688,1995-08-29 10:33:54,"Tuesday"
"1032by.sscl.uwo.ca",509,1995-08-29 10:34:01,"Tuesday"
"1032by.sscl.uwo.ca",527,1995-08-29 10:34:01,"Tuesday"
"1032by.sscl.uwo.ca",509,1995-08-29 10:34:01,"Tuesday"
"1032by.sscl.uwo.ca",515,1995-08-29 10:34:04,"Tuesday"
"105.4.med.umich.edu",11175,1995-07-06 07:05:43,"Thursday"
"105.4.med.umich.edu",41397,1995-07-06 07:05:57,"Thursday"
"105.4.med.umich.edu",3635,1995-07-06 07:06:09,"Thursday"
"105.4.med.umich.edu",4209,1995-07-06 07:06:09,"Thursday"
"107.tcom.co.uk",1602,1995-08-29 14:51:47,"Tuesday"
"107.tcom.co.uk",9630,1995-08-29 14:51:52,"Tuesday"
"107.tcom.co.uk",786,1995-08-29 14:51:52,"Tuesday"
"107.tcom.co.uk",1204,1995-08-29 14:51:52,"Tuesday"
"107.tcom.co.uk",8677,1995-08-29 14:52:33,"Tuesday"
"107.tcom.co.uk",11853,1995-08-29 14:52:36,"Tuesday"
"109-02.ic.uva.nl",30067,1995-07-20 03:35:16,"Thursday"
"109-02.ic.uva.nl",30067,1995-07-20 03:36:07,"Thursday"
"10forward.ppp.america.com",18114,1995-07-05 00:49:57,"Wednesday"
"10forward.ppp.america.com",12859,1995-07-05 00:50:01,"Wednesday"
"10forward.ppp.america.com",3635,1995-07-05 00:50:21,"Wednesday"
"10forward.ppp.america.com",4209,1995-07-05 00:50:21,"Wednesday"
"10forward.ppp.america.com",7008,1995-07-05 00:50:52,"Wednesday"
"10forward.ppp.america.com",13116,1995-07-05 00:50:56,"Wednesday"
"10forward.ppp.america.com",2537,1995-07-05 00:51:03,"Wednesday"
"10forward.ppp.america.com",18114,1995-07-05 00:52:15,"Wednesday"
"10forward.ppp.america.com",2653,1995-07-05 00:52:34,"Wednesday"
"10forward.ppp.america.com",28426,1995-07-05 00:52:38,"Wednesday"
"10forward.ppp.america.com",18114,1995-07-05 01:09:45,"Wednesday"
"10forward.ppp.america.com",12859,1995-07-05 01:09:49,"Wednesday"
"10forward.ppp.america.com",3635,1995-07-05 01:10:07,"Wednesday"
"10forward.ppp.america.com",4209,1995-07-05 01:10:07,"Wednesday"
"10forward.ppp.america.com",42732,1995-07-14 15:17:35,"Friday"
"10forward.ppp.america.com",30067,1995-07-14 15:19:14,"Friday"
"10forward.ppp.america.com",3499,1995-07-26 16:13:02,"Wednesday"
"10forward.ppp.america.com",0,1995-07-26 16:13:07,"Wednesday"
"10forward.ppp.america.com",0,1995-07-26 16:13:20,"Wednesday"
"10forward.ppp.america.com",0,1995-07-26 16:13:20,"Wednesday"
"10forward.ppp.america.com",7131,1995-08-07 17:22:45,"Tuesday"
"10forward.ppp.america.com",0,1995-08-07 17:22:50,"Tuesday"
"10forward.ppp.america.com",0,1995-08-07 17:22:53,"Tuesday"
"10forward.ppp.america.com",0,1995-08-07 17:22:54,"Tuesday"
"10forward.ppp.america.com",0,1995-08-07 17:22:54,"Tuesday"
"10forward.ppp.america.com",0,1995-08-07 17:22:54,"Tuesday"
"10forward.ppp.america.com",19338,1995-08-07 17:23:19,"Tuesday"
"10forward.ppp.america.com",0,1995-08-07 17:23:23,"Tuesday"
"10forward.ppp.america.com",0,1995-08-07 17:23:41,"Tuesday"
"10forward.ppp.america.com",0,1995-08-07 17:23:51,"Tuesday"
"10forward.ppp.america.com",4673,1995-08-07 17:23:56,"Tuesday"
"10forward.ppp.america.com",46053,1995-08-07 17:24:19,"Tuesday"
"10forward.ppp.america.com",4665,1995-08-07 17:25:52,"Tuesday"
"10forward.ppp.america.com",69067,1995-08-07 17:26:20,"Tuesday"
"10forward.ppp.america.com",0,1995-08-07 17:39:54,"Tuesday"
"10forward.ppp.america.com",7131,1995-08-11 18:23:23,"Saturday"
"10md423.uni-duisburg.de",7185,1995-07-27 05:27:42,"Thursday"
"10md423.uni-duisburg.de",5866,1995-07-27 05:27:52,"Thursday"
"10md423.uni-duisburg.de",363,1995-07-27 05:28:11,"Thursday"
"10md423.uni-duisburg.de",669,1995-07-27 05:28:15,"Thursday"
"10md423.uni-duisburg.de",234,1995-07-27 05:28:17,"Thursday"
"10md423.uni-duisburg.de",786,1995-07-27 05:28:22,"Thursday"
"10md423.uni-duisburg.de",3381,1995-07-27 05:29:30,"Thursday"
"10md423.uni-duisburg.de",12054,1995-07-27 05:29:48,"Thursday"
"10md423.uni-duisburg.de",49152,1995-07-27 05:37:20,"Thursday"
"10md423.uni-duisburg.de",18556,1995-08-15 02:11:33,"Tuesday"
"10md423.uni-duisburg.de",12859,1995-08-15 02:11:34,"Tuesday"
"10md423.uni-duisburg.de",3635,1995-08-15 02:11:47,"Tuesday"
"10md423.uni-duisburg.de",4209,1995-08-15 02:11:47,"Tuesday"
"10md423.uni-duisburg.de",8677,1995-08-15 02:17:00,"Tuesday"
"10md423.uni-duisburg.de",11853,1995-08-15 02:17:02,"Tuesday"
"10md423.uni-duisburg.de",1204,1995-08-15 02:17:13,"Tuesday"
"10md423.uni-duisburg.de",786,1995-08-15 02:17:13,"Tuesday"
"10md423.uni-duisburg.de",6470,1995-08-15 02:17:33,"Tuesday"
"10md423.uni-duisburg.de",12722,1995-08-15 02:17:39,"Tuesday"
"10md423.uni-duisburg.de",1713,1995-08-15 02:17:40,"Tuesday"
"10md423.uni-duisburg.de",1173,1995-08-15 02:17:40,"Tuesday"
"10md423.uni-duisburg.de",6660,1995-08-15 02:18:24,"Tuesday"
"10md423.uni-duisburg.de",10495,1995-08-15 02:18:25,"Tuesday"
"10md423.uni-duisburg.de",1387,1995-08-15 02:19:28,"Tuesday"
"10md423.uni-duisburg.de",8089,1995-08-15 02:19:40,"Tuesday"
"10md423.uni-duisburg.de",4179,1995-08-15 02:19:41,"Tuesday"
"10md423.uni-duisburg.de",1932,1995-08-15 02:19:48,"Tuesday"
"10md423.uni-duisburg.de",2178,1995-08-15 02:20:21,"Tuesday"
"10md423.uni-duisburg.de",16966,1995-08-15 02:20:22,"Tuesday"
"10md423.uni-duisburg.de",6922,1995-08-15 02:20:31,"Tuesday"
"10md423.uni-duisburg.de",11417,1995-08-15 02:20:32,"Tuesday"
"10md423.uni-duisburg.de",6849,1995-08-15 02:21:12,"Tuesday"
"10md423.uni-duisburg.de",4179,1995-08-15 02:21:13,"Tuesday"
"10md423.uni-duisburg.de",7025,1995-08-15 02:21:56,"Tuesday"
"10md423.uni-duisburg.de",4179,1995-08-15 02:21:57,"Tuesday"
"10md423.uni-duisburg.de",6168,1995-08-15 02:22:36,"Tuesday"
"10md423.uni-duisburg.de",5052,1995-08-15 02:22:37,"Tuesday"
"10md423.uni-duisburg.de",1414,1995-08-15 02:23:58,"Tuesday"
"10md423.uni-duisburg.de",9732,1995-08-15 03:05:45,"Tuesday"
"10md423.uni-duisburg.de",25257,1995-08-15 03:05:46,"Tuesday"
"10md423.uni-duisburg.de",2582,1995-08-15 03:05:59,"Tuesday"
"10md423.uni-duisburg.de",7131,1995-08-15 03:09:44,"Tuesday"
"10md423.uni-duisburg.de",363,1995-08-15 03:09:48,"Tuesday"
"10md423.uni-duisburg.de",234,1995-08-15 03:09:48,"Tuesday"
"10md423.uni-duisburg.de",669,1995-08-15 03:09:48,"Tuesday"
"10md423.uni-duisburg.de",5866,1995-08-15 03:09:50,"Tuesday"
"11.ts1.mnet.medstroms.se",7034,1995-08-05 08:43:45,"Saturday"
"11.ts1.mnet.medstroms.se",5866,1995-08-05 08:43:46,"Saturday"
"11.ts1.mnet.medstroms.se",786,1995-08-05 08:43:48,"Saturday"
"11.ts1.mnet.medstroms.se",363,1995-08-05 08:43:48,"Saturday"
"11.ts1.mnet.medstroms.se",234,1995-08-05 08:43:50,"Saturday"
"11.ts1.mnet.medstroms.se",669,1995-08-05 08:43:50,"Saturday"
"11.ts1.mnet.medstroms.se",7089,1995-08-25 22:37:52,"Saturday"
"11.ts1.mnet.medstroms.se",5866,1995-08-25 22:37:53,"Saturday"
"11.ts1.mnet.medstroms.se",786,1995-08-25 22:38:06,"Saturday"
"11.ts1.mnet.medstroms.se",363,1995-08-25 22:38:06,"Saturday"
"11.ts1.mnet.medstroms.se",234,1995-08-25 22:38:06,"Saturday"
"11.ts1.mnet.medstroms.se",669,1995-08-25 22:38:06,"Saturday"
"11.ts2.mnet.medstroms.se",40310,1995-07-03 10:56:57,"Monday"
"11.ts2.mnet.medstroms.se",786,1995-07-03 10:57:50,"Monday"
"11.ts2.mnet.medstroms.se",1204,1995-07-03 10:57:50,"Monday"
"11.ts2.mnet.medstroms.se",7074,1995-07-03 11:04:56,"Monday"
"11.ts2.mnet.medstroms.se",5866,1995-07-03 11:05:03,"Monday"
"11.ts2.mnet.medstroms.se",363,1995-07-03 11:05:33,"Monday"
"11.ts2.mnet.medstroms.se",234,1995-07-03 11:05:33,"Monday"
"11.ts2.mnet.medstroms.se",669,1995-07-03 11:05:50,"Monday"
"11.ts2.mnet.medstroms.se",3985,1995-07-03 11:06:24,"Monday"
"11.ts2.mnet.medstroms.se",40310,1995-07-03 11:06:34,"Monday"
"11.ts2.mnet.medstroms.se",3977,1995-07-03 11:08:50,"Monday"
"11.ts2.mnet.medstroms.se",11473,1995-07-03 11:08:59,"Monday"
"110.the-spa.com",7089,1995-08-24 16:27:53,"Thursday"
"110.the-spa.com",3381,1995-08-24 16:28:25,"Thursday"
"110.the-spa.com",2979,1995-08-24 16:29:02,"Thursday"
"118.32.med.umich.edu",11836,1995-08-15 13:40:21,"Tuesday"
"118.32.med.umich.edu",8083,1995-08-15 13:40:22,"Tuesday"
"118.32.med.umich.edu",1713,1995-08-15 13:40:24,"Tuesday"
"118.32.med.umich.edu",1173,1995-08-15 13:40:24,"Tuesday"
"118.32.med.umich.edu",1204,1995-08-15 13:40:27,"Tuesday"
"118.32.med.umich.edu",6168,1995-08-15 13:41:08,"Tuesday"
"118.32.med.umich.edu",5052,1995-08-15 13:41:09,"Tuesday"
"118.32.med.umich.edu",3635,1995-08-15 13:41:09,"Tuesday"
"118.32.med.umich.edu",1932,1995-08-15 13:41:09,"Tuesday"
"118.32.med.umich.edu",7131,1995-08-15 13:41:24,"Tuesday"
"118.32.med.umich.edu",5866,1995-08-15 13:41:26,"Tuesday"
"118.32.med.umich.edu",786,1995-08-15 13:41:27,"Tuesday"
"118.32.med.umich.edu",363,1995-08-15 13:41:27,"Tuesday"
"118.32.med.umich.edu",234,1995-08-15 13:41:28,"Tuesday"
"118.32.med.umich.edu",669,1995-08-15 13:41:32,"Tuesday"
"11client9.ihi.ku.dk",11473,1995-08-16 06:08:05,"Wednesday"
"12-102eb.itslab.calpoly.edu",0,1995-08-16 13:59:11,"Wednesday"
"12-102md.acs.calpoly.edu",786,1995-08-11 15:06:53,"Friday"
"12-102md.acs.calpoly.edu",0,1995-08-11 15:07:30,"Friday"
"12-102md.acs.calpoly.edu",4673,1995-08-11 15:25:13,"Friday"
"12-102md.acs.calpoly.edu",786,1995-08-11 15:25:14,"Friday"
"12-102md.acs.calpoly.edu",1204,1995-08-11 15:25:14,"Friday"
"12-102md.acs.calpoly.edu",46053,1995-08-11 15:25:25,"Friday"
"12-105da.acs.calpoly.edu",18556,1995-08-16 19:39:06,"Thursday"
"12-105da.acs.calpoly.edu",3635,1995-08-16 19:39:08,"Thursday"
"12-105da.acs.calpoly.edu",4209,1995-08-16 19:39:08,"Thursday"
"12-105da.acs.calpoly.edu",12859,1995-08-16 19:39:10,"Thursday"
"12-105da.acs.calpoly.edu",7008,1995-08-16 19:39:39,"Thursday"
"12-105da.acs.calpoly.edu",13116,1995-08-16 19:39:41,"Thursday"
"12-105da.acs.calpoly.edu",2537,1995-08-16 19:39:41,"Thursday"
"12-105de.acs.calpoly.edu",17688,1995-08-24 10:02:27,"Thursday"
"12-105de.acs.calpoly.edu",509,1995-08-24 10:02:29,"Thursday"
"12-105de.acs.calpoly.edu",527,1995-08-24 10:02:29,"Thursday"
"12-105de.acs.calpoly.edu",509,1995-08-24 10:02:29,"Thursday"
"12-105de.acs.calpoly.edu",515,1995-08-24 10:02:31,"Thursday"
"12-105he.acs.calpoly.edu",18556,1995-08-16 19:38:41,"Thursday"
"12-105he.acs.calpoly.edu",12859,1995-08-16 19:38:43,"Thursday"
"12-105he.acs.calpoly.edu",3635,1995-08-16 19:38:44,"Thursday"
"12-105he.acs.calpoly.edu",4209,1995-08-16 19:38:44,"Thursday"
"12-105id.acs.calpoly.edu",3821,1995-08-14 14:27:11,"Monday"
"12-105id.acs.calpoly.edu",1204,1995-08-14 14:27:12,"Monday"
"12-105id.acs.calpoly.edu",1713,1995-08-14 14:27:12,"Monday"
"12-105id.acs.calpoly.edu",5494,1995-08-14 14:27:12,"Monday"
"12-105id.acs.calpoly.edu",1173,1995-08-14 14:27:13,"Monday"
"12-dynamic-c.rotterdam.luna.net",7071,1995-07-20 14:10:20,"Thursday"
"12-dynamic-c.rotterdam.luna.net",5866,1995-07-20 14:10:22,"Thursday"
"12-dynamic-c.rotterdam.luna.net",363,1995-07-20 14:10:34,"Thursday"
"12-dynamic-c.rotterdam.luna.net",786,1995-07-20 14:10:34,"Thursday"
"12-dynamic-c.rotterdam.luna.net",234,1995-07-20 14:10:35,"Thursday"
"12-dynamic-c.rotterdam.luna.net",669,1995-07-20 14:10:42,"Thursday"
"12-dynamic-c.rotterdam.luna.net",308,1995-07-20 14:11:34,"Thursday"
"12-dynamic-c.rotterdam.luna.net",8529,1995-07-20 14:12:33,"Thursday"
"12-dynamic-c.rotterdam.luna.net",1733,1995-07-20 14:17:11,"Thursday"
"12.ts1.mnet.medstroms.se",16020,1995-07-20 10:24:47,"Thursday"
"12.ts1.mnet.medstroms.se",5978,1995-07-20 10:24:50,"Thursday"
"12.ts1.mnet.medstroms.se",1173,1995-07-20 10:24:56,"Thursday"
"12.ts1.mnet.medstroms.se",1713,1995-07-20 10:24:58,"Thursday"
"12.ts1.mnet.medstroms.se",1204,1995-07-20 10:25:00,"Thursday"
"12.ts1.mnet.medstroms.se",1602,1995-07-20 10:26:09,"Thursday"
"12.ts1.mnet.medstroms.se",9630,1995-07-20 10:26:14,"Thursday"
"12.ts1.mnet.medstroms.se",786,1995-07-20 10:26:15,"Thursday"
"12.ts1.mnet.medstroms.se",3260,1995-07-20 10:27:08,"Thursday"
"12.ts1.mnet.medstroms.se",18149,1995-07-20 10:27:11,"Thursday"
"12.ts1.mnet.medstroms.se",11175,1995-07-20 10:27:31,"Thursday"
"12.ts1.mnet.medstroms.se",41397,1995-07-20 10:27:32,"Thursday"
"12.ts1.mnet.medstroms.se",4209,1995-07-20 10:27:44,"Thursday"
"12.ts1.mnet.medstroms.se",3635,1995-07-20 10:27:45,"Thursday"
"12.ts1.mnet.medstroms.se",6922,1995-07-20 10:28:16,"Thursday"
"12.ts1.mnet.medstroms.se",11417,1995-07-20 10:28:19,"Thursday"
"12.ts1.mnet.medstroms.se",1932,1995-07-20 10:28:21,"Thursday"
"12.ts1.mnet.medstroms.se",7071,1995-07-20 10:31:34,"Thursday"
"12.ts1.mnet.medstroms.se",363,1995-07-20 10:31:37,"Thursday"
"12.ts1.mnet.medstroms.se",669,1995-07-20 10:31:38,"Thursday"
"12.ts1.mnet.medstroms.se",234,1995-07-20 10:31:39,"Thursday"
"12.ts1.mnet.medstroms.se",5866,1995-07-20 10:31:43,"Thursday"
"12.ts1.mnet.medstroms.se",17688,1995-08-09 01:37:50,"Wednesday"
"12.ts2.mnet.medstroms.se",4673,1995-08-11 06:45:16,"Friday"
"12.ts2.mnet.medstroms.se",786,1995-08-11 06:45:20,"Friday"
"12.ts2.mnet.medstroms.se",1204,1995-08-11 06:45:20,"Friday"
"12.ts2.mnet.medstroms.se",46053,1995-08-11 06:45:26,"Friday"
"12.ts2.mnet.medstroms.se",3714,1995-08-11 06:46:24,"Friday"
"12.ts2.mnet.medstroms.se",13994,1995-08-11 06:46:26,"Friday"
"12.ts2.mnet.medstroms.se",4665,1995-08-11 06:46:40,"Friday"
"12.ts2.mnet.medstroms.se",69067,1995-08-11 06:47:01,"Friday"
"12.ts2.mnet.medstroms.se",543,1995-08-11 06:47:03,"Friday"
"12.ts2.mnet.medstroms.se",69067,1995-08-11 06:47:35,"Friday"
"12.ts2.mnet.medstroms.se",7087,1995-08-22 13:46:03,"Tuesday"
"12.ts2.mnet.medstroms.se",5866,1995-08-22 13:46:05,"Tuesday"
"12.ts2.mnet.medstroms.se",234,1995-08-22 13:46:07,"Tuesday"
"12.ts2.mnet.medstroms.se",786,1995-08-22 13:46:07,"Tuesday"
"12.ts2.mnet.medstroms.se",363,1995-08-22 13:46:07,"Tuesday"
"12.ts2.mnet.medstroms.se",669,1995-08-22 13:46:09,"Tuesday"
"12.ts2.mnet.medstroms.se",8677,1995-08-22 13:46:24,"Tuesday"
"12.ts2.mnet.medstroms.se",11853,1995-08-22 13:46:26,"Tuesday"
"12.ts2.mnet.medstroms.se",1204,1995-08-22 13:46:28,"Tuesday"
"12.ts2.mnet.medstroms.se",1602,1995-08-22 13:46:49,"Tuesday"
"12.ts2.mnet.medstroms.se",9630,1995-08-22 13:46:51,"Tuesday"
"12.ts2.mnet.medstroms.se",26990,1995-08-22 13:47:04,"Tuesday"
"12.ts2.mnet.medstroms.se",3850,1995-08-22 13:47:10,"Tuesday"
"120.233.med.umich.edu",1157,1995-08-23 11:34:07,"Wednesday"
"120.233.med.umich.edu",0,1995-08-23 11:34:08,"Wednesday"
"120.233.med.umich.edu",0,1995-08-23 11:34:08,"Wednesday"
"120.233.med.umich.edu",0,1995-08-23 11:34:09,"Wednesday"
"120.233.med.umich.edu",127045,1995-08-23 11:34:20,"Wednesday"
"120.33.med.umich.edu",18556,1995-08-03 10:12:31,"Thursday"
"120.33.med.umich.edu",4209,1995-08-03 10:12:33,"Thursday"
"120.33.med.umich.edu",3635,1995-08-03 10:12:33,"Thursday"
"120.33.med.umich.edu",12859,1995-08-03 10:12:35,"Thursday"
"120.33.med.umich.edu",7008,1995-08-03 10:13:03,"Thursday"
"120.33.med.umich.edu",13116,1995-08-03 10:13:03,"Thursday"
"120.33.med.umich.edu",2537,1995-08-03 10:13:04,"Thursday"
"120.33.med.umich.edu",2653,1995-08-03 10:13:42,"Thursday"
"120.33.med.umich.edu",28426,1995-08-03 10:13:46,"Thursday"
"120.33.med.umich.edu",3723,1995-08-03 10:15:01,"Thursday"
"120.33.med.umich.edu",786,1995-08-03 10:15:02,"Thursday"
"120.33.med.umich.edu",1204,1995-08-03 10:15:02,"Thursday"
"120.33.med.umich.edu",39017,1995-08-03 10:15:03,"Thursday"
"120b-pc15.arch.pwr.wroc.pl",1204,1995-07-25 04:42:37,"Tuesday"
"120b-pc15.arch.pwr.wroc.pl",1713,1995-07-25 04:42:37,"Tuesday"
"120b-pc15.arch.pwr.wroc.pl",1173,1995-07-25 04:42:37,"Tuesday"
"120cc-pc-11.cl.msu.edu",3635,1995-08-09 18:48:53,"Thursday"
"120cc-pc-11.cl.msu.edu",3938,1995-08-09 18:48:55,"Thursday"
"120cc-pc-11.cl.msu.edu",84905,1995-08-09 18:51:41,"Thursday"
"121.27.inmarsat.org",11175,1995-08-07 06:28:14,"Monday"
"121.27.inmarsat.org",44877,1995-08-07 06:28:17,"Monday"
"121.27.inmarsat.org",7008,1995-08-07 06:28:24,"Monday"
"121.27.inmarsat.org",13116,1995-08-07 06:28:25,"Monday"
"121.27.inmarsat.org",2537,1995-08-07 06:28:26,"Monday"
"121.27.inmarsat.org",3635,1995-08-07 06:28:26,"Monday"
"122.72.inmarsat.org",3635,1995-07-07 02:24:42,"Friday"
"122.72.inmarsat.org",3938,1995-07-07 02:24:46,"Friday"
"122.72.inmarsat.org",7067,1995-07-07 02:26:03,"Friday"
"122.72.inmarsat.org",5866,1995-07-07 02:26:04,"Friday"
"122.72.inmarsat.org",786,1995-07-07 02:26:07,"Friday"
"122.72.inmarsat.org",363,1995-07-07 02:26:07,"Friday"
"122.83.inmarsat.org",0,1995-07-10 00:22:59,"Monday"
