"host","bytes","date","time","day"
"198.40.16.108.artic.edu",3635,198,11,"Monday"
"206dos104.flint.umich.edu",1204,187,9,"Thursday"
"206dos104.flint.umich.edu",0,187,9,"Thursday"
"206dos109.flint.umich.edu",6588,198,8,"Monday"
"66.28.med.umich.edu",8677,240,14,"Monday"
"76.52.med.umich.edu",4821,198,13,"Monday"
"95.120.med.umich.edu",786,184,12,"Monday"
"a4216letnum.hip.berkeley.edu",1851,192,0,"Tuesday"
"acc-centris-9.tamu.edu",1204,194,8,"Thursday"
"acc-centris-9.tamu.edu",2676,220,9,"Tuesday"
"acc.wuacc.edu",1871,230,10,"Friday"
"acc.wuacc.edu",3047,230,10,"Friday"
"acns.fsu.edu",0,185,3,"Tuesday"
"acsmac4.acn.purdue.edu",786,205,12,"Monday"
"ad107.ag.ohio-state.edu",3260,195,11,"Friday"
"adrenal.engin.umich.edu",786,183,13,"Sunday"
"aepc17.ae.eng.auburn.edu",11996,234,13,"Tuesday"
"aepc17.ae.eng.auburn.edu",12859,234,13,"Tuesday"
"aeromw.me.gatech.edu",3464,194,9,"Thursday"
"aesmac36.aes.purdue.edu",1713,203,12,"Saturday"
"alamo-lbeavers.nmsu.edu",17857,193,16,"Wednesday"
"alpha1.csd.uwm.edu",4247,198,8,"Monday"
"alpha2.csd.uwm.edu",3635,202,21,"Friday"
"aluminum.helios.nd.edu",9925,207,11,"Wednesday"
"andrew_lowry.electronics.indiana.edu",11853,200,8,"Wednesday"
"annex-v32bis-50.slip.andrew.cmu.edu",1713,186,11,"Wednesday"
"annex-v32bis-50.slip.andrew.cmu.edu",2537,186,11,"Wednesday"
"annex6-36.dial.umd.edu",5866,241,16,"Tuesday"
"annexp2.uccs.edu",786,227,6,"Tuesday"
"apollo.sfsu.edu",12054,234,13,"Tuesday"
"aray.dialup.emory.edu",669,232,11,"Sunday"
"arc.dental.upenn.edu",46573,198,11,"Monday"
"ariel.earth.nwu.edu",3635,191,5,"Monday"
"as2511-3.sl002.cns.vt.edu",71656,185,14,"Tuesday"
"asm4-2.sl032.cns.vt.edu",1713,238,19,"Saturday"
"asm4-3.sl116.cns.vt.edu",308,234,20,"Tuesday"
"asst-mgr.uchicago.edu",1713,240,6,"Monday"
"atgw-cny-3000d2-1-c29.mgh.harvard.edu",13664,192,9,"Tuesday"
"atp.princeton.edu",7071,197,8,"Sunday"
"augustus.ns.itd.umich.edu",55666,236,20,"Thursday"
"awing.mayo.edu",530,192,12,"Tuesday"
"b125.bernhard.wmich.edu",515,200,18,"Wednesday"
"b2308.nas.edu",3635,243,6,"Thursday"
"b77.ucs.usl.edu",5026,182,12,"Saturday"
"bairdsun1.gatech.edu",6723,183,11,"Sunday"
"banana.ucs.indiana.edu",5866,188,10,"Friday"
"barbara.cfr.washington.edu",1713,188,13,"Friday"
"baritone.cellbio.duke.edu",786,207,5,"Wednesday"
"barracuda5.me.mtu.edu",1602,220,7,"Tuesday"
"bbcc-111.tamu.edu",835394,195,7,"Friday"
"bcd80.csbs.albany.edu",7071,198,12,"Monday"
"beach.cse.ogi.edu",12283,244,17,"Friday"
"beerglassempty.carnegie.gatech.edu",1713,198,11,"Monday"
"benjamin-63.umd.edu",4673,229,11,"Thursday"
"benz.mech.utah.edu",65536,226,6,"Monday"
"bergen.acns.nwu.edu",11175,182,10,"Saturday"
"berlin.helios.nd.edu",509,205,17,"Monday"
"bit.omsi.edu",0,234,14,"Tuesday"
"blair58.blair.lafayette.edu",8083,237,21,"Friday"
"blazemonger.pc.cc.cmu.edu",1502,184,0,"Monday"
"blazer.seas.ucla.edu",46573,200,16,"Wednesday"
"blooper.ucsb.edu",1204,217,22,"Saturday"
"bobafett.wustl.edu",4665,223,6,"Friday"
"bogart.colorado.edu",5866,229,13,"Thursday"
"bond007.dis.ist.ucf.edu",0,193,11,"Wednesday"
"bond007.dis.ist.ucf.edu",13994,194,10,"Thursday"
"bones.et.byu.edu",717587,195,19,"Friday"
"bootp-210-106.bootp.virginia.edu",1876,243,20,"Thursday"
"bowecho.met.psu.edu",0,222,8,"Thursday"
"bpeterson.med.utah.edu",40310,186,11,"Wednesday"
"brahms.music.ua.edu",0,217,20,"Saturday"
"brando.brook.edu",1157,230,11,"Friday"
"bronte.helios.nd.edu",2435,198,14,"Monday"
"bstango.remote.princeton.edu",3808,232,13,"Sunday"
"btp-sc-114-009.dsu.edu",1932,199,7,"Tuesday"
"btp-sc-114-015.dsu.edu",669,236,11,"Thursday"
"buslb-wfw-b.cudenver.edu",3635,201,15,"Thursday"
"bussey.physics.fsu.edu",3714,216,10,"Friday"
"c30.ucs.usl.edu",786,184,11,"Monday"
"c3po.stsci.edu",363,227,12,"Tuesday"
"caddis.unh.edu",0,228,7,"Wednesday"
"cagesun.nmsu.edu",3047,222,11,"Thursday"
"calvin.wsc.mass.edu",0,193,12,"Wednesday"
"cat1.cs.mdcc.edu",32768,194,5,"Thursday"
"cbarnes.fullerton.edu",71655,241,20,"Tuesday"
"ceci-mac1.mit.edu",9630,231,16,"Saturday"
"cegt408.bradley.edu",1204,223,13,"Friday"
"cfd10.eng.buffalo.edu",363,191,16,"Monday"
"chaplin.bsn.usf.edu",3788,193,16,"Wednesday"
"charley.slip.db.erau.edu",45632,185,15,"Tuesday"
"charm.physics.uni.edu",34688,193,9,"Wednesday"
"chem-pkelter.unl.edu",509,226,11,"Monday"
"chemmac8.colorado.edu",1932,238,12,"Saturday"
"cherry.labs.upj.pitt.edu",8678,198,10,"Monday"
"chick.med.upenn.edu",1932,191,16,"Monday"
"chip.ucdavis.edu",4673,222,8,"Thursday"
"cis1036_15.cis.usf.edu",7074,186,16,"Wednesday"
"cis2028_24.cis.usf.edu",363,187,9,"Thursday"
"cisco-slip48.acc.virginia.edu",234,237,16,"Friday"
"click.geo.arizona.edu",45966,186,16,"Wednesday"
"clueless.stetson.edu",8677,222,8,"Thursday"
"cmc_05.frc.mass.edu",669,230,6,"Friday"
"cmc_05.frc.mass.edu",36902,230,6,"Friday"
"cochise.cs.berkeley.edu",4179,200,18,"Wednesday"
"colt-15.slip.uiuc.edu",1157,185,21,"Tuesday"
"columbia.ksu.ksu.edu",363,239,9,"Sunday"
"comserv-f-60.usc.edu",3260,202,16,"Friday"
"cow_1.dml.georgetown.edu",20227,208,6,"Thursday"
"cs125-16.u.washington.edu",57344,183,9,"Sunday"
"cs128-1.u.washington.edu",1007,204,19,"Sunday"
"cs128-12.u.washington.edu",5866,201,13,"Thursday"
"cs128-13.u.washington.edu",234,197,15,"Sunday"
"cs500-9.sl011.cns.vt.edu",1712,239,19,"Sunday"
"csdstudent3.ufac.buffalo.edu",1204,215,12,"Thursday"
"cse_211_d11.circa.ufl.edu",3381,194,20,"Thursday"
"cse_211_i15.circa.ufl.edu",1733,220,19,"Tuesday"
"cse_211_op1.circa.ufl.edu",0,193,10,"Wednesday"
"cserve3.dsu.nodak.edu",786,193,13,"Wednesday"
"cts77.cts.db.erau.edu",669,205,8,"Monday"
"cu-dialup-0727.cit.cornell.edu",0,203,7,"Saturday"
"currypc.fpl.msstate.edu",3714,202,15,"Friday"
"cvlb19.harvard.edu",1713,228,13,"Wednesday"
"daffodil.cs.odu.edu",5866,217,18,"Saturday"
"dasher.csd.sc.edu",17688,217,20,"Saturday"
"dedwud.zoo.duke.edu",9630,191,11,"Monday"
"defiant.eng.wayne.edu",4347,209,20,"Friday"
"deneb.ucdavis.edu",3635,191,14,"Monday"
"deneb.ucdavis.edu",13539,191,15,"Monday"
"dennis.cs.clemson.edu",363,220,12,"Tuesday"
"derm.vet.purdue.edu",669,223,14,"Friday"
"detloff1.bmg.uab.edu",509,240,20,"Monday"
"dfepe2.uwyo.edu",13389,197,18,"Sunday"
"dial020.vanderbilt.edu",363,206,16,"Tuesday"
"dial04.npcts.edu",18149,196,17,"Saturday"
"dial08.npcts.edu",3635,242,12,"Wednesday"
"dial103.cc.lehigh.edu",13116,223,20,"Friday"
"dialin33641.slip.nts.uci.edu",1284,235,19,"Wednesday"
"dialup-1-64.gw.umn.edu",4204,230,21,"Friday"
"dialup-10-c-42.gw.umn.edu",1713,220,16,"Tuesday"
"dialup-11-c-164.gw.umn.edu",7008,229,22,"Thursday"
"dialup-2-116.gw.umn.edu",61490,184,11,"Monday"
"dialup-2-144.gw.umn.edu",12054,238,11,"Saturday"
"dialup-3-169.gw.umn.edu",363,196,20,"Saturday"
"dialup-3-177.gw.umn.edu",7008,217,13,"Saturday"
"dialup-4-29.gw.umn.edu",1204,198,13,"Monday"
"dialup-5-97.gw.umn.edu",235862,187,11,"Thursday"
"digdis-pc14.med.unc.edu",53049,197,10,"Sunday"
"dip-59.right.mac-lab.lovejoy.colby.edu",3214,187,12,"Thursday"
"dirac.scs.uiuc.edu",18149,228,9,"Wednesday"
"doc.uhcc.hawaii.edu",0,195,15,"Friday"
"dog.cs.uiowa.edu",515,195,12,"Friday"
"doit14.cac.washington.edu",2443,228,11,"Wednesday"
"donna.mps.ohio-state.edu",1204,207,5,"Wednesday"
"dos23.royall.umkc.edu",2482,184,13,"Monday"
"dow-mac186.engin.umich.edu",1055,187,6,"Thursday"
"eagle.ecn.uoknor.edu",3938,236,20,"Thursday"
"ebdc06.med.upenn.edu",1173,243,6,"Thursday"
"eclair.unh.edu",46573,208,9,"Thursday"
"ectpc32.ceat.okstate.edu",4209,221,7,"Wednesday"
"ed-frank.umf.maine.edu",786,186,12,"Wednesday"
"ed247.ulib.albany.edu",8677,209,9,"Friday"
"ed57.ed.hawaii.edu",4821,195,16,"Friday"
"ed61.ed.hawaii.edu",17459,187,11,"Thursday"
"edm05.itc.uiowa.edu",786,184,16,"Monday"
"educ103.coe.uh.edu",5026,193,6,"Wednesday"
"ee-rmaher.unl.edu",35540,194,6,"Thursday"
"eecps2-29.eec.bus.umich.edu",1932,220,10,"Tuesday"
"eescott-jr.mda.uth.tmc.edu",3635,194,5,"Thursday"
"ehdup-k-11.rmt.net.pitt.edu",5998,200,13,"Wednesday"
"ehodge.rehab.lsumc.edu",12859,188,8,"Friday"
"el2.tamu.edu",0,193,8,"Wednesday"
"el2.tamu.edu",0,193,8,"Wednesday"
"elaine45.stanford.edu",7074,184,15,"Monday"
"electron2.gatech.edu",49705,219,11,"Monday"
"elroy.uh.edu",3260,195,16,"Friday"
"engl080.la.psu.edu",1204,182,16,"Saturday"
"engr-b-106.umd.edu",46053,235,20,"Wednesday"
"engrss2.unl.edu",1204,187,19,"Thursday"
"enid.eng.ohio-state.edu",52516,208,22,"Thursday"
"enws179.eas.asu.edu",7131,229,12,"Thursday"
"equinox.ccs.unr.edu",7089,241,19,"Tuesday"
"er5.rutgers.edu",8657,232,17,"Sunday"
"erdpc-1.umtri.umich.edu",234,182,14,"Saturday"
"ernie.med.virginia.edu",45966,184,11,"Monday"
"et1026-pc07.oitlc.iupui.edu",1583,191,17,"Monday"
"ete03-f.icase.edu",18528,219,7,"Monday"
"euphrates.physics.iastate.edu",7131,229,8,"Thursday"
"eureka.phys.columbia.edu",3635,193,15,"Wednesday"
"eva1mac12.berkeley.edu",0,241,13,"Tuesday"
"eva1mac12.berkeley.edu",0,241,14,"Tuesday"
"eve.cs.uwec.edu",363,207,9,"Wednesday"
"f181-052.net.wisc.edu",669,223,19,"Friday"
"f181-057.net.wisc.edu",1204,184,13,"Monday"
"fac12.admin.gatech.edu",1871,230,7,"Friday"
"fao-gradasst1.sfr.buffalo.edu",5866,226,13,"Monday"
"farlink.ll.mit.edu",3998,188,12,"Friday"
"farlink.ll.mit.edu",1204,192,23,"Tuesday"
"findlay-ibmpc19.cac-labs.psu.edu",0,240,17,"Monday"
"finrmf.gsu.edu",1932,228,11,"Wednesday"
"firnvx.firn.edu",8529,198,9,"Monday"
"firnvx.firn.edu",7071,199,13,"Tuesday"
"fiscal-7.tamu.edu",139264,191,11,"Monday"
"fisher.hs.washington.edu",15357,243,8,"Thursday"
"fnts3-5.firn.edu",7074,184,16,"Monday"
"foshaj.isdd.indiana.edu",1204,233,8,"Monday"
"foshaj.isdd.indiana.edu",0,233,8,"Monday"
"franklin.ee.twsu.edu",4179,202,14,"Friday"
"freedom.nmsu.edu",786,206,5,"Tuesday"
"freenet.buffalo.edu",84905,221,20,"Wednesday"
"freenet.vcu.edu",3787,195,10,"Friday"
"fts3p21-bfs.scri.fsu.edu",13116,195,16,"Friday"
"fts3p29-bfs.scri.fsu.edu",16966,200,13,"Wednesday"
"fts3p5-bfs.scri.fsu.edu",1173,232,12,"Sunday"
"fts4p25-bfs.scri.fsu.edu",7131,229,19,"Thursday"
"galahad.bio.cornell.edu",28219,206,8,"Tuesday"
"galileo.asel.udel.edu",6849,198,13,"Monday"
"garnet.uchicago.edu",3635,198,20,"Monday"
"gas.physics.usu.edu",49555,189,0,"Saturday"
"gateway2.eng.ohio-state.edu",1602,243,9,"Thursday"
"gator20.acs.nmu.edu",509,195,11,"Friday"
"generic.augustana.edu",1713,226,7,"Monday"
"generic.augustana.edu",669,227,12,"Tuesday"
"germany.pop.psu.edu",97042,243,15,"Thursday"
"glenn18.law.pitt.edu",1284,194,13,"Thursday"
"glhpx13.cen.uiuc.edu",40310,190,12,"Sunday"
"glim.stanford.edu",527,213,23,"Tuesday"
"goldwein3.xrt.upenn.edu",786,183,16,"Sunday"
"granada.engin.umich.edu",0,223,11,"Friday"
"granada.engin.umich.edu",13116,223,11,"Friday"
"halley.la.asu.edu",1204,186,13,"Wednesday"
"hawk.ncsa.uiuc.edu",18149,189,7,"Saturday"
"hawk.ncsa.uiuc.edu",3635,223,7,"Friday"
"helpdesk6.mc.duke.edu",11175,204,13,"Sunday"
"helpline14.micro.umn.edu",18114,200,10,"Wednesday"
"hem8.hematology.sunysb.edu",1713,195,14,"Friday"
"hera.harvard.edu",5866,202,12,"Friday"
"hercules.mc.utk.edu",34657,219,12,"Monday"
"hobbes.jhuapl.edu",16966,228,6,"Wednesday"
"homer22.u.washington.edu",8677,217,18,"Saturday"
"hoohoo.cac.washington.edu",4722,207,0,"Wednesday"
"hopsden.lib.csufresno.edu",127045,201,17,"Thursday"
"hubcap.clemson.edu",12054,240,18,"Monday"
"humcc18.fas.harvard.edu",752,192,21,"Tuesday"
"hyperweb.mit.edu",18556,218,12,"Sunday"
"ickx.magnet.fsu.edu",13436,188,6,"Friday"
"ih-pc03.cso.uiuc.edu",786,239,20,"Sunday"
"info.umd.edu",8678,205,6,"Monday"
"ip109-36.gse.ucla.edu",1173,193,16,"Wednesday"
"ip137-155.gsu.bgu.edu",1124,219,15,"Monday"
"ip211-196.wiu.bgu.edu",786,194,6,"Thursday"
"ir202bb.ir.miami.edu",786,216,11,"Friday"
"isengard.arlut.utexas.edu",1712,192,10,"Tuesday"
"isnet.is.wfu.edu",4209,186,18,"Wednesday"
"isr-m28-33.urh.uiuc.edu",1204,243,20,"Thursday"
"isr-m28-34.urh.uiuc.edu",669,243,8,"Thursday"
"ives.colorado.edu",0,221,17,"Wednesday"
"jade.uchicago.edu",8678,201,18,"Thursday"
"jasper.crseo.ucsb.edu",509,229,17,"Thursday"
"jat.div-cc.firn.edu",7008,202,9,"Friday"
"jejimene.campus.vt.edu",13372,242,14,"Wednesday"
"jelly.cs.tamu.edu",16102,194,10,"Thursday"
"jigsaw.mame.syr.edu",234,234,9,"Tuesday"
"k9.chem.yale.edu",7131,228,15,"Wednesday"
"karen-anderson.tamu.edu",11264,216,12,"Friday"
"kathy.cc.sunysb.edu",3584,193,9,"Wednesday"
"kay-abernathy.tenet.edu",4535,184,16,"Monday"
"kepler.ifa.hawaii.edu",0,243,5,"Thursday"
"kermit.sce.ojgse.edu",13380,241,11,"Tuesday"
"kh541-pm30.unomaha.edu",2261,208,7,"Thursday"
"kilobyte.omsi.edu",71319,208,12,"Thursday"
"kip-1-sn-137.dartmouth.edu",527,202,8,"Friday"
"kip-2-sn-391.dartmouth.edu",9630,238,7,"Saturday"
"koniecznylab.bio.purdue.edu",1204,191,17,"Monday"
"kronos.haystack.edu",4142,202,15,"Friday"
"kusudama.cis.yale.edu",1204,193,9,"Wednesday"
"kuts11p01.cc.ukans.edu",12054,216,19,"Friday"
"kuts2p01.cc.ukans.edu",0,182,14,"Saturday"
"kuts4p14.cc.ukans.edu",36902,197,20,"Sunday"
"l8.cslab.unf.edu",14176,207,11,"Wednesday"
"lab200-01.baylor.edu",49152,208,16,"Thursday"
"lab8.pc.fsu.edu",13116,183,11,"Sunday"
"labmac5.coe.uwf.edu",0,205,12,"Monday"
"laputa.eecs.nwu.edu",0,228,10,"Wednesday"
"lholly95.princeton.edu",786,237,19,"Friday"
"lib-200.flint.umich.edu",5866,205,12,"Monday"
"libbabac-es.tamu.edu",4745,240,8,"Monday"
"libmac2.lib.stthomas.edu",2537,198,11,"Monday"
"libpub40.lib.utk.edu",786,217,10,"Saturday"
"liquid2-sun.mit.edu",2537,202,14,"Friday"
"lis-a.dml.georgetown.edu",3938,243,8,"Thursday"
"lmf20.berkeley.edu",8678,199,14,"Tuesday"
"locust.egr.uh.edu",3635,186,15,"Wednesday"
"logoff.ucns.uga.edu",0,193,13,"Wednesday"
"loki.unomaha.edu",4247,195,20,"Friday"
"loren.icis.washington.edu",1204,206,19,"Tuesday"
"ls109-bg98.gsu.edu",3985,186,8,"Wednesday"
"lucky110.acns.nwu.edu",234,232,18,"Sunday"
"lucky134.acns.nwu.edu",5121,183,13,"Sunday"
"lucky159.acns.nwu.edu",8678,190,19,"Sunday"
"lunatic.mit.edu",3164,220,12,"Tuesday"
"lund.physics.isu.edu",1204,208,14,"Thursday"
"lynn.biosci.umtri.umich.edu",46053,243,8,"Thursday"
"lynnmac17.cc.purdue.edu",46053,221,16,"Wednesday"
"m1002.bates.edu",786,193,17,"Wednesday"
"m144403.lib1444.uic.edu",12859,195,6,"Friday"
"m33-222-1.mit.edu",11264,219,15,"Monday"
"m66-080-19.mit.edu",36098,200,14,"Wednesday"
"mac-04.csres.utexas.edu",4209,192,13,"Tuesday"
"mac-11136.sr-building.uh.edu",786,236,8,"Thursday"
"mac-11148.sr-building.uh.edu",13116,186,6,"Wednesday"
"mac-2586.d-building.uh.edu",13318,188,10,"Friday"
"mac13.univ-relations.pitt.edu",0,237,7,"Friday"
"mac143.ma.psu.edu",2489,233,7,"Monday"
"mac144.ma.psu.edu",7089,241,9,"Tuesday"
"mac155.ma.psu.edu",4324,205,9,"Monday"
"mac193.admin.biola.edu",368,227,23,"Tuesday"
"mac2.uafcs.alaska.edu",0,199,12,"Tuesday"
"mac25.four-h.purdue.edu",4324,184,11,"Monday"
"mac68-xolotl.lib.utah.edu",5866,196,11,"Saturday"
"macpkh03.duc.auburn.edu",5222,234,7,"Tuesday"
"macpkh05.duc.auburn.edu",1414,240,23,"Monday"
"magenta.vrg.toronto.edu",4209,218,8,"Sunday"
"maple.cc.vt.edu",14434,194,9,"Thursday"
"marina.cea.berkeley.edu",3584,192,16,"Tuesday"
"marina.cea.berkeley.edu",3584,193,17,"Wednesday"
"material.upr.clu.edu",49152,233,12,"Monday"
"max.ifa.hawaii.edu",7089,243,23,"Thursday"
"mcgee-pc.cns.ohiou.edu",669,240,7,"Monday"
"mcmac20.unh.edu",8678,205,15,"Monday"
"mcmahon.adminis.nd.edu",1204,193,12,"Wednesday"
"mealybug.occ.uc.edu",71319,209,6,"Friday"
"mercury.ics.uci.edu",1173,219,19,"Monday"
"mercury.stsci.edu",5026,194,5,"Thursday"
"metmac5.mse.iastate.edu",1204,222,21,"Thursday"
"mhansen.berklee.edu",17688,234,5,"Tuesday"
"mmlab7.mm.mtu.edu",0,221,14,"Wednesday"
"moe.bu.edu",42732,187,12,"Thursday"
"monaco.cs.brown.edu",1204,229,15,"Thursday"
"monet.tcs.uh.edu",13372,233,9,"Monday"
"monod.biomath.nyu.edu",786,191,14,"Monday"
"moose.nmr.mgh.harvard.edu",143703,235,10,"Wednesday"
"moose.nmr.mgh.harvard.edu",18149,235,10,"Wednesday"
"mp.cs.niu.edu",78588,191,8,"Monday"
"mpp.cs.ucla.edu",11853,197,21,"Sunday"
"mthwpc19.cc.purdue.edu",57344,237,9,"Friday"
"mudd3.library.yale.edu",1713,184,11,"Monday"
"muddhp11.cc.columbia.edu",58690,182,13,"Saturday"
"mups.bgsu.edu",786,193,11,"Wednesday"
"n00069-104afc.unity.ncsu.edu",8678,206,1,"Tuesday"
"n00077-104afc.unity.ncsu.edu",11853,227,22,"Tuesday"
"n2-8-35.public.drexel.edu",12859,206,5,"Tuesday"
"natsci-mac38.ns.utexas.edu",0,205,12,"Monday"
"nb2ppp09.acns-slp.fsu.edu",8678,189,6,"Saturday"
"nb2ppp21.acns-slp.fsu.edu",79088,182,5,"Saturday"
"nearlink.ll.mit.edu",4179,229,12,"Thursday"
"neilson.phys.vims.edu",1173,235,12,"Wednesday"
"neptuneael.sjsu.edu",8678,204,1,"Sunday"
"newton.physics.utah.edu",27063,219,11,"Monday"
"nichknet-69.acs.umn.edu",2400,205,14,"Monday"
"node8.class.mhpcc.edu",3977,221,14,"Wednesday"
"nomad.law.miami.edu",669,202,10,"Friday"
"nozean.geo.umass.edu",8083,183,11,"Sunday"
"nvcon22.pcsub9.db.erau.edu",1204,194,14,"Thursday"
"nvcon58.pcsub9.db.erau.edu",669,243,8,"Thursday"
"oac14.hsc.uth.tmc.edu",11326,187,11,"Thursday"
"oac14.hsc.uth.tmc.edu",13539,187,13,"Thursday"
"oac47.oac.utk.edu",786,195,8,"Friday"
"occam.physics.louisville.edu",0,207,8,"Wednesday"
"odin.dfci.harvard.edu",1713,200,15,"Wednesday"
"operator2.it-datacntr.louisville.edu",7071,203,18,"Saturday"
"ortho84-27.ucsd.edu",786,193,9,"Wednesday"
"osiris.cs.csufresno.edu",2355,205,13,"Monday"
"p107a-05.lib.memphis.edu",1204,236,11,"Thursday"
"pabl-211a-3.animal.uiuc.edu",1204,236,20,"Thursday"
"pacmac17-chem.ucsd.edu",1731,199,15,"Tuesday"
"pc-ee225-1.nmsu.edu",18149,188,7,"Friday"
"pc0007.jach.hawaii.edu",891,242,18,"Wednesday"
"pc102735.med.cornell.edu",40310,187,13,"Thursday"
"pc104.pop.upenn.edu",11473,199,21,"Tuesday"
"pc21019.mac.cc.cmu.edu",5978,233,19,"Monday"
"pc4.frontier.osrhe.edu",234,235,12,"Wednesday"
"pc49-l1-mystic.slcc.edu",0,188,9,"Friday"
"pc5103.pc.cc.cmu.edu",372,182,8,"Saturday"
"pc6.upa.nau.edu",3635,188,14,"Friday"
"pc71.chp.edu",12859,188,5,"Friday"
"pc75.et.byu.edu",4324,208,0,"Thursday"
"pc75.et.byu.edu",3723,208,1,"Thursday"
"pc79.lib.nau.edu",17459,237,16,"Friday"
"pent6.cooper.edu",1204,193,15,"Wednesday"
"personal-nb08.byu.edu",3998,191,20,"Monday"
"peter.sinclair.hawaii.edu",3260,236,15,"Thursday"
"phalanx.mbl.edu",12859,191,16,"Monday"
"phred.bryant.edu",515,237,10,"Friday"
"pinta.csee.usf.edu",8677,233,13,"Monday"
"pinta.csee.usf.edu",786,243,12,"Thursday"
"pitcairn.lib.uci.edu",5866,186,16,"Wednesday"
"pitcairn.lib.uci.edu",12054,186,16,"Wednesday"
"pmurray-mac.lib.muohio.edu",28219,198,12,"Monday"
"pollard.csr.utexas.edu",363,194,13,"Thursday"
"port-005.dial.net.nyu.edu",363,186,16,"Wednesday"
"port-053.dial.net.nyu.edu",0,209,1,"Friday"
"port-2-pharmacylr.pharm.arizona.edu",4179,203,12,"Saturday"
"port11.ts1.msstate.edu",669,217,7,"Saturday"
"port34.tserver2.ucf.edu",786,190,17,"Sunday"
"port39.tserver1.ucf.edu",509,192,19,"Tuesday"
"postdoc.dmc.maine.edu",12054,228,12,"Wednesday"
"pow_mac_3.chass.ncsu.edu",46573,208,7,"Thursday"
"ppp-82-11.bu.edu",0,205,10,"Monday"
"ppp-83-15.bu.edu",28426,203,7,"Saturday"
"ppp-dial3-15.opr.oakland.edu",25218,230,18,"Friday"
"ppp0d-03.rns.tamu.edu",5866,185,19,"Tuesday"
"ppp36.modems.uoknor.edu",509,232,17,"Sunday"
"ppp36.modems.uoknor.edu",786,232,17,"Sunday"
"pr19.bsvc.berkeley.edu",8677,226,12,"Monday"
"prandtl.aero.ufl.edu",11473,242,10,"Wednesday"
"pres-pc11.bu.edu",1414,186,12,"Wednesday"
"pricelc2.edmedia.nd.edu",40310,187,14,"Thursday"
"proton.mit.edu",0,194,15,"Thursday"
"psc-624.hsc.usc.edu",28426,207,21,"Wednesday"
"pub237.fsb.duke.edu",40310,183,12,"Sunday"
"pubinfo.ucsd.edu",8678,191,5,"Monday"
"pv0266.vincent.iastate.edu",543,241,7,"Tuesday"
"pv15156p-745122.ucs.indiana.edu",7131,220,19,"Tuesday"
"pxa.slu.edu",234,242,14,"Wednesday"
"quadra_alpha.rollins.edu",32511,219,8,"Monday"
"quark.omsi.edu",32885,239,11,"Sunday"
"quark.phys.ufl.edu",363,189,23,"Saturday"
"rainesb.baylor.edu",363,195,6,"Friday"
"rccr46.tamu.edu",1055,209,7,"Friday"
"redx3.cac.washington.edu",945,192,16,"Tuesday"
"ref04.lib.lsu.edu",1204,197,16,"Sunday"
"rhyolite.geo.umass.edu",2443,216,8,"Friday"
"rhyolite.geo.umass.edu",1204,240,12,"Monday"
"riccelli.hsc.colorado.edu",16966,221,13,"Wednesday"
"rm101b3.ageng.vt.edu",0,216,8,"Friday"
"rm107-29.und-w.nodak.edu",5978,208,18,"Thursday"
"rome.eng.utsa.edu",3985,186,10,"Wednesday"
"rossi.astro.nwu.edu",0,189,3,"Saturday"
"rpd.fas.harvard.edu",16102,187,13,"Thursday"
"rts0109.ppp.wfu.edu",0,190,18,"Sunday"
"russia.pop.psu.edu",6168,237,16,"Friday"
"rvargas.extern.ucsd.edu",4347,184,15,"Monday"
"s003n020.csun.edu",0,199,8,"Tuesday"
"s003n020.csun.edu",0,201,14,"Thursday"
"s003n020.csun.edu",0,207,15,"Wednesday"
"s055n201.csun.edu",4179,223,15,"Friday"
"s109n166.csun.edu",28847,200,8,"Wednesday"
"s254n023ppp4.csun.edu",11910,227,4,"Tuesday"
"sable.cs.uml.edu",130724,205,22,"Monday"
"sallib.sals.edu",3823,231,1,"Saturday"
"saucer.cc.umr.edu",4535,184,8,"Monday"
"saul6.u.washington.edu",3260,232,17,"Sunday"
"sbell.alumni.uga.edu",0,241,6,"Tuesday"
"schooner.mit.edu",41397,194,15,"Thursday"
"sci-pub-1.lib.muohio.edu",1713,187,13,"Thursday"
"scotton.updc.louisville.edu",4673,220,9,"Tuesday"
"scratchy.bocklabs.wisc.edu",0,194,14,"Thursday"
"seaquest.cc.odu.edu",363,191,9,"Monday"
"seaquest.cc.odu.edu",1713,195,9,"Friday"
"seaquest.cc.odu.edu",363,205,10,"Monday"
"seas.marine.usf.edu",20233,236,18,"Thursday"
"seds.lpl.arizona.edu",0,193,13,"Wednesday"
"sehplib.ucsd.edu",11853,241,13,"Tuesday"
"sets31.sprl.umich.edu",42732,194,9,"Thursday"
"sfghaids19.ucsf.edu",0,200,13,"Wednesday"
"shantz338-29.ccit.arizona.edu",1932,207,18,"Wednesday"
"shirley.rutgers.edu",669,191,13,"Monday"
"sigtrap.eecs.wsu.edu",509,196,14,"Saturday"
"sip-14167.public-dialups.uh.edu",11853,190,15,"Sunday"
"slaves.ucc.uno.edu",11853,188,12,"Friday"
"slip-0.sjca.edu",1173,223,16,"Friday"
"slip-20-9.ots.utexas.edu",52516,221,14,"Wednesday"
"slip-23-16.ots.utexas.edu",509,216,22,"Friday"
"slip-31-2.ots.utexas.edu",25218,193,22,"Wednesday"
"slip-39-7.ots.utexas.edu",0,233,23,"Monday"
"slip133.ucs.orst.edu",4441,223,12,"Friday"
"slip3-31.dialin.uic.edu",5978,205,19,"Monday"
"smaug.eecs.umich.edu",0,229,11,"Thursday"
"smf-d16.facsmf.utexas.edu",3260,216,11,"Friday"
"smf-f2.facsmf.utexas.edu",8083,230,9,"Friday"
"smith.ee.twsu.edu",0,205,13,"Monday"
"smurali.rx.uga.edu",9648,233,8,"Monday"
"sn227012.resnet.drexel.edu",786,233,12,"Monday"
"snow.ccit.arizona.edu",1387,230,10,"Friday"
"soda.csua.berkeley.edu",308,189,1,"Saturday"
"southpole.astro.ucla.edu",1204,191,16,"Monday"
"sparc10_work4.utsi.edu",0,197,9,"Sunday"
"sparc10_work4.utsi.edu",1713,239,10,"Sunday"
"sppc2231.uwsp.edu",651,208,10,"Thursday"
"sprite.ece.cmu.edu",509,201,8,"Thursday"
"sputnix.cas.und.nodak.edu",3274,206,15,"Tuesday"
"sq36.ccs.itd.umich.edu",891,243,8,"Thursday"
"staphlab.path.vet.ksu.edu",363,186,15,"Wednesday"
"starbug.uwyo.edu",3714,223,11,"Friday"
"staticmac156.ac.biola.edu",1173,195,10,"Friday"
"stout.atd.ucar.edu",2653,205,9,"Monday"
"sudial2-209.syr.edu",4324,200,19,"Wednesday"
"sunburst.eng.usf.edu",18556,205,21,"Monday"
"suntan.eng.usf.edu",308,190,19,"Sunday"
"surg1.mayo.edu",16966,192,13,"Tuesday"
"symmetry.icsl.ucla.edu",11175,201,7,"Thursday"
"syru53-025.syr.edu",1204,207,6,"Wednesday"
"t123.sang.wmich.edu",0,201,10,"Thursday"
"t123.sang.wmich.edu",786,201,10,"Thursday"
"talisker.mae.cornell.edu",4821,199,10,"Tuesday"
"tammya.cas.und.nodak.edu",1124,184,17,"Monday"
"tammya.cas.und.nodak.edu",6245,205,11,"Monday"
"taurus.sfsu.edu",0,189,10,"Saturday"
"taurus.sfsu.edu",0,202,18,"Friday"
"teaspoon.engin.umich.edu",8677,242,18,"Wednesday"
"temp-lambda-nu-dynamic-69.stanford.edu",18149,190,23,"Sunday"
"terminator.dri.du.edu",46053,219,7,"Monday"
"tesla.njit.edu",41397,186,12,"Wednesday"
"thor.ics.uci.edu",234,185,0,"Tuesday"
"tio.uthscsa.edu",49152,192,12,"Tuesday"
"title3pcc.dco.pima.edu",168,233,10,"Monday"
"tjones.tamu.edu",11853,235,14,"Wednesday"
"toughguy.ee.ucla.edu",11853,192,14,"Tuesday"
"tourmaline.tc.uofs.edu",1414,242,12,"Wednesday"
"trumpet.aix.calpoly.edu",1387,201,22,"Thursday"
"ts02.wiu.bgu.edu",3850,229,14,"Thursday"
"ts44.neiu.bgu.edu",45966,186,13,"Wednesday"
"ts5-13.westwood.ts.ucla.edu",1204,184,21,"Monday"
"tsppp15.cac.psu.edu",8083,216,20,"Friday"
"tsppp56.cac.psu.edu",5866,188,19,"Friday"
"ttvn-reservations.tamu.edu",234,201,11,"Thursday"
"tty2-9.tc.nd.edu",234,219,14,"Monday"
"u199-pc25.csd.uwm.edu",12054,186,8,"Wednesday"
"uape-30.ucsd.edu",46573,198,11,"Monday"
"ub056-695488.ucs.indiana.edu",49152,229,12,"Thursday"
"ubppp-01.ppp-net.buffalo.edu",8677,217,12,"Saturday"
"ubppp-09.ppp-net.buffalo.edu",786,207,17,"Wednesday"
"uchfs01.hpb.uc.edu",18149,191,9,"Monday"
"ucicl.eng.uci.edu",0,186,12,"Wednesday"
"ucicl.eng.uci.edu",0,193,7,"Wednesday"
"ucicl.eng.uci.edu",0,193,12,"Wednesday"
"uconnvm.uconn.edu",53510,236,8,"Thursday"
"ucopr.msb.uc.edu",234,241,8,"Tuesday"
"ucxy07_12.slip.uc.edu",306,207,13,"Wednesday"
"ul3120-j.ulib.iupui.edu",13391,194,13,"Thursday"
"umslts1_30.umsl.edu",4179,238,8,"Saturday"
"unexlab9.ucr.edu",3260,222,17,"Thursday"
"unotv.unomaha.edu",0,243,7,"Thursday"
"unr006.spu.edu",3635,203,16,"Saturday"
"uscalgb.uchicago.edu",12859,213,11,"Tuesday"
"usp-mac33.usp.vcu.edu",7634,188,7,"Friday"
"utarlg.uta.edu",3985,186,13,"Wednesday"
"vernon.sncc.lsu.edu",5052,243,12,"Thursday"
"vettes.inre.asu.edu",11853,184,19,"Monday"
"via-annex3-21.cl.msu.edu",1204,230,9,"Friday"
"visionmac1.harvard.edu",7034,216,7,"Friday"
"voice.ece.jhu.edu",3625,218,6,"Sunday"
"voter-classroom-ethernet-10.middlebury.edu",7025,204,15,"Sunday"
"vtbtox.vetmed.lsu.edu",669,223,9,"Friday"
"walt.cfr.washington.edu",16102,206,14,"Tuesday"
"walt.cs.msstate.edu",3635,235,7,"Wednesday"
"walton.chem.purdue.edu",363,182,11,"Saturday"
"waring-mac103.cac-labs.psu.edu",11853,241,19,"Tuesday"
"wei-410-f05.circa.ufl.edu",4657,242,14,"Wednesday"
"welch-1000-000-6.stanford.edu",786,188,17,"Friday"
"wem23.itc.uiowa.edu",11417,195,18,"Friday"
"wendler.aiss.uiuc.edu",786,206,14,"Tuesday"
"whitmarshj4.life.uiuc.edu",14682,207,21,"Wednesday"
"wilde.oit.umass.edu",7280,209,17,"Friday"
"wilke2.housing.und.nodak.edu",18114,184,12,"Monday"
"winger.physics.fsu.edu",3089,184,10,"Monday"
"wks213.blylab.sru.edu",234,234,10,"Tuesday"
"wkstn12.labs.emich.edu",4347,200,9,"Wednesday"
"workstudy.csc.wvu.edu",786,207,11,"Wednesday"
"wrightsville.psych.unc.edu",49705,218,6,"Sunday"
"ws12.lab02.wwu.edu",11473,229,13,"Thursday"
"ws19.cc.ysu.edu",8083,221,8,"Wednesday"
"ws239.uncc.edu",18556,241,11,"Tuesday"
"ws292.uncc.edu",13994,241,16,"Tuesday"
"ws3.irs.siu.edu",4673,226,9,"Monday"
"wubus17.wustl.edu",5052,244,18,"Friday"
"wump.eecg.toronto.edu",4045,224,17,"Saturday"
"wuzza.harvard.edu",1428,203,10,"Saturday"
"www.cep.unt.edu",2727,201,18,"Thursday"
"wynns-pc.jhuapl.edu",752,194,5,"Thursday"
"wyrms-atm.engr.orst.edu",5866,195,17,"Friday"
"xlab1.fiu.edu",8083,242,15,"Wednesday"
"xslip42.csrv.uidaho.edu",20271,221,22,"Wednesday"
"xyplex3-4-17.ucs.indiana.edu",2522,230,17,"Friday"
"yskim.fammed.pitt.edu",363,213,8,"Tuesday"
"yulara.fccc.edu",0,194,6,"Thursday"
"198.190.226.47.du.nauticom.net",15528,191,20,"Monday"
"199-186.ico.att.net",0,219,10,"Monday"
"199.234.151.30.du.nauticom.net",5866,221,5,"Wednesday"
"a10.ppp.mo.net",5866,197,14,"Sunday"
"a1p09.connect.net",1173,236,17,"Thursday"
"a1p09.connect.net",0,236,17,"Thursday"
"a1p38.connect.net",509,182,12,"Saturday"
"aneaman.dialup.access.net",669,206,8,"Tuesday"
"arcadia.einet.net",3635,184,11,"Monday"
"armstro.polaris.net",4209,182,8,"Saturday"
"arnetpc-200.arn.net",6245,217,10,"Saturday"
"as16.net-connect.net",53000,187,16,"Thursday"
"ash4.ramlink.net",2557,207,5,"Wednesday"
"asn15.whidbey.net",1173,192,22,"Tuesday"
"aux38.plano.net",52491,200,21,"Wednesday"
"aux38.plano.net",4209,203,20,"Saturday"
"b1e.ppp.mo.net",72666,194,19,"Thursday"
"babyrain.mi.net",509,191,21,"Monday"
"barrel-o-monkeys.cencom.net",530,186,3,"Wednesday"
"bartleby.cybernetics.net",7071,202,19,"Friday"
"bcarter.igs.net",509,221,12,"Wednesday"
"betacorp.tor.hookup.net",13387,201,8,"Thursday"
"billh.hiwaay.net",130724,243,2,"Thursday"
"billw.novia.net",4441,195,9,"Friday"
"bne04.world.net",0,240,15,"Monday"
"bodowd.tor.hookup.net",1204,206,16,"Tuesday"
"buffnet3.buffnet.net",1414,215,14,"Thursday"
"c198.globalvision.net",1851,194,5,"Thursday"
"c8.reach.net",7089,239,12,"Sunday"
"cbray.planet.net",8677,227,19,"Tuesday"
"cd-4.continuum.net",49152,232,7,"Sunday"
"cd-5.continuum.net",786,192,20,"Tuesday"
"cd-9.continuum.net",1732,209,19,"Friday"
"centarus.interpath.net",18114,190,6,"Sunday"
"client17.sedona.net",3985,184,19,"Monday"
"clk-pm1-2.dialup.coast.net",363,237,13,"Friday"
"cn22.ppp.synergy.net",9630,240,22,"Monday"
"cnynppp8.epix.net",5866,184,9,"Monday"
"computer.pennet.net",509,204,21,"Sunday"
"computut.tiac.net",6849,204,9,"Sunday"
"cosmic-ppp.clark.net",530,192,18,"Tuesday"
"craig989.earthlink.net",669,231,22,"Saturday"
"cs001p03.ket.micron.net",786,243,0,"Thursday"
"cs002p17.micron.net",3985,183,18,"Sunday"
"cs002p31.micron.net",1414,200,20,"Wednesday"
"cs003p08.nam.micron.net",12283,182,0,"Saturday"
"cs006p09.nam.micron.net",1732,218,20,"Sunday"
"cs1-01.mil.ptd.net",363,239,5,"Sunday"
"cs1-06.all.ptd.net",1583,205,20,"Monday"
"cs1-08.leh.ptd.net",5866,213,21,"Tuesday"
"cs1-08.mil.ptd.net",1204,241,16,"Tuesday"
"cs2-04.eph.ptd.net",1204,191,16,"Monday"
"cs2-09.sun.ptd.net",1932,228,13,"Wednesday"
"csl1-8.infolink.net",234,196,21,"Saturday"
"cspc2.ptd.net",7131,221,16,"Wednesday"
"cust1.max9.washington.dc.ms.uu.net",40310,187,17,"Thursday"
"cust16.max2.indianapolis.in.ms.uu.net",363,240,19,"Monday"
"cust17.max1.cleveland.oh.ms.uu.net",51244,242,14,"Wednesday"
"cust19.max3.dallas.tx.ms.uu.net",0,240,18,"Monday"
"cust2.max1.seattle.wa.ms.uu.net",669,208,18,"Thursday"
"cust31.max1.seattle.wa.ms.uu.net",5866,184,20,"Monday"
"cust42.max1.washington.dc.ms.uu.net",234,235,15,"Wednesday"
"cust44.max1.minneapolis.mn.ms.uu.net",8678,199,14,"Tuesday"
"cust49.max3.chicago.il.ms.uu.net",4209,188,7,"Friday"
"cust5.max1.orlando.fl.ms.uu.net",669,193,13,"Wednesday"
"cust53.max1.orlando.fl.ms.uu.net",8529,234,17,"Tuesday"
"cust56.max5.los-angeles.ca.ms.uu.net",4209,204,22,"Sunday"
"cust62.max1.chicago.il.ms.uu.net",1602,240,19,"Monday"
"cust62.max2.boston.ma.ms.uu.net",0,228,17,"Wednesday"
"cy3.minn.net",4209,208,15,"Thursday"
"cypress.nwnet.net",1602,217,13,"Saturday"
"d02.pm1.nisiq.net",786,182,23,"Saturday"
"d100.aksi.net",786,197,16,"Sunday"
"d130.aksi.net",8146,187,6,"Thursday"
"d202.aa.net",3047,185,0,"Tuesday"
"dal01-04.ppp.iadfw.net",4247,195,0,"Friday"
"dal01-14.ppp.iadfw.net",12859,231,1,"Saturday"
"dal02-19.ppp.iadfw.net",13372,221,13,"Wednesday"
"dal04-19.ppp.iadfw.net",1204,197,16,"Sunday"
"dal04-19.ppp.iadfw.net",16979,197,16,"Sunday"
"dal05-16.ppp.iadfw.net",234,243,11,"Thursday"
"dal06.onramp.net",363,239,9,"Sunday"
"dal09-20.ppp.iadfw.net",669,231,20,"Saturday"
"dal1021.computek.net",168,232,9,"Sunday"
"dal1214.computek.net",7131,232,16,"Sunday"
"dal29.pic.net",18149,190,17,"Sunday"
"dal62.pic.net",8083,221,16,"Wednesday"
"dal67.pic.net",234,232,18,"Sunday"
"dcc01704.slip.digex.net",8083,231,8,"Saturday"
"dewelch.earthlink.net",509,193,12,"Wednesday"
"dffl5-37.gate.net",786,186,19,"Wednesday"
"dffl5-49.gate.net",9630,240,10,"Monday"
"dffl6-43.gate.net",8677,233,15,"Monday"
"dial1.phoenix.net",0,186,14,"Wednesday"
"dial2-20.midwest.net",13372,223,22,"Friday"
"dial25.phoenix.net",234,230,9,"Friday"
"dial40.phoenix.net",752,194,19,"Thursday"
"dial51.phoenix.net",527,233,12,"Monday"
"dial6-7.midwest.net",9866,228,6,"Wednesday"
"dial63.phoenix.net",46053,242,14,"Wednesday"
"dial7.man.net",4179,234,19,"Tuesday"
"dialin-ttyp9.sky.net",1204,205,13,"Monday"
"dialin-ttyqe.sky.net",234,232,21,"Sunday"
"dialin-ttys9.sky.net",1712,198,15,"Monday"
"dialin16.annex1.radix.net",1204,190,14,"Sunday"
"dialin2.annex1.radix.net",7067,190,14,"Sunday"
"dialip212.tddc.net",2537,221,20,"Wednesday"
"dialnet43.hti.net",40310,184,19,"Monday"
"dialup-10.co.net",0,196,9,"Saturday"
"dialup-55.icon-stl.net",0,238,13,"Saturday"
"dialup-67.icon-stl.net",530,183,14,"Sunday"
"dialup-84.icon-stl.net",1204,233,10,"Monday"
"dialup00013.cinet.itl.net",1204,239,1,"Sunday"
"dialup03.smartnet.net",3635,243,20,"Thursday"
"dialup12.sequel.net",1204,205,7,"Monday"
"dialup287.chicago.mci.net",530,208,20,"Thursday"
"dialup45.washington.mci.net",5866,240,10,"Monday"
"dialup519.washington.mci.net",35709,224,18,"Saturday"
"dialup532.chicago.mci.net",1204,243,6,"Thursday"
"dialup548.chicago.mci.net",5866,235,16,"Wednesday"
"dialup552.washington.mci.net",11853,243,1,"Thursday"
"dialup778.losangeles.mci.net",527,183,3,"Sunday"
"dialupa135.intex.net",3635,185,9,"Tuesday"
"dialups33.ici.net",3047,229,14,"Thursday"
"dialups34.ici.net",14176,187,4,"Thursday"
"dmiracky.illuminet.net",0,202,9,"Friday"
"dnet030.sat.texas.net",3635,194,20,"Thursday"
"dnet050.sat.texas.net",0,185,9,"Tuesday"
"dongabriel.earthlink.net",1733,184,11,"Monday"
"dougmac.pr.mcs.net",527,208,14,"Thursday"
"dppp17.buffnet.net",786,242,17,"Wednesday"
"dragon.uu.net",0,234,15,"Tuesday"
"dsc.sprint.net",5052,226,14,"Monday"
"dynamic-36.premier1.net",1602,197,19,"Sunday"
"edtnpt02-port-26.agt.net",5866,230,0,"Friday"
"eman.tiac.net",127045,183,20,"Sunday"
"entice.helix.net",786,241,21,"Tuesday"
"epigraf.earthlink.net",1173,230,1,"Friday"
"ericvann.tor.hookup.net",3769,201,14,"Thursday"
"fmy02.supernet.net",0,197,9,"Sunday"
"fmy02.supernet.net",9866,218,21,"Sunday"
"g496.interlink.net",527,185,11,"Tuesday"
"grail1503.nando.net",0,243,8,"Thursday"
"grail406.nando.net",13372,202,17,"Friday"
"grail807.nando.net",9867,203,8,"Saturday"
"grail904.nando.net",8677,182,14,"Saturday"
"grail906.nando.net",1713,183,19,"Sunday"
"gro21.pi.net",0,216,13,"Friday"
"gti.gti.net",3584,192,16,"Tuesday"
"guest4.cni.mid.net",1713,185,9,"Tuesday"
"h-avantgarde.dc.infi.net",0,229,23,"Thursday"
"h-castlerock.norfolk.infi.net",40310,185,10,"Tuesday"
"h-centurion.norfolk.infi.net",3985,186,13,"Wednesday"
"h-ceserea.nr.infi.net",0,194,7,"Thursday"
"h-darktower.norfolk.infi.net",527,186,22,"Wednesday"
"h-dclaiborne.norfolk.infi.net",4441,217,15,"Saturday"
"h-ivory.richmond.infi.net",1602,203,21,"Saturday"
"h-lime.richmond.infi.net",234,189,15,"Saturday"
"h-navy.richmond.infi.net",13372,241,16,"Tuesday"
"h-nightflier.norfolk.infi.net",12054,183,16,"Sunday"
"h-peach.richmond.infi.net",1851,189,18,"Saturday"
"h-silverbullet.norfolk.infi.net",527,197,13,"Sunday"
"hagi-66.kuentos.guam.net",46573,198,16,"Monday"
"hagi-67.kuentos.guam.net",11264,220,18,"Tuesday"
"hmi.can.net",18149,188,7,"Friday"
"hntp2.hinet.net",786,237,3,"Friday"
"honsingr.charm.net",0,187,10,"Thursday"
"hosts-173.hiwaay.net",0,197,17,"Sunday"
"hotspur.dialup.access.net",945,185,23,"Tuesday"
"houston-1-11.i-link.net",13372,188,17,"Friday"
"hun7.ramlink.net",1204,197,8,"Sunday"
"i322.oro.net",509,208,1,"Thursday"
"indy1.indy.net",3985,186,20,"Wednesday"
"indy1.indy.net",3258,187,22,"Thursday"
"indy2.indy.net",786,215,8,"Thursday"
"indy3.indy.net",527,187,10,"Thursday"
"indym18.netusa1.net",43798,220,22,"Tuesday"
"infomine.net",363,208,18,"Thursday"
"ip-18-133.medio.net",786,187,22,"Thursday"
"ip-20-157.medio.net",234,229,23,"Thursday"
"ip11.iac.net",0,226,13,"Monday"
"ip23.infocom.net",49199,204,13,"Sunday"
"ip24.infocom.net",0,208,10,"Thursday"
"ip4.mind.net",3260,216,21,"Friday"
"jake-6k.ip.realtime.net",3635,218,21,"Sunday"
"jaxfl2-15.gate.net",363,208,12,"Thursday"
"jefdavis.tor.hookup.net",17688,243,16,"Thursday"
"jlob.earthlink.net",46573,197,19,"Sunday"
"jobrien-ppp.clark.net",29717,231,19,"Saturday"
"jobrien-ppp.clark.net",1713,235,18,"Wednesday"
"joelll.tiac.net",3723,205,17,"Monday"
"jrf.iii.net",1414,222,5,"Thursday"
"jrf.iii.net",13372,222,5,"Thursday"
"jroberts.clark.net",14434,194,14,"Thursday"
"jturrell.mi.net",8677,188,9,"Friday"
"jwroth.earthlink.net",7131,228,22,"Wednesday"
"kauai-21.u.aloha.net",5866,204,2,"Sunday"
"ke4odn.scott.net",305722,229,22,"Thursday"
"kfc.vnet.net",1204,190,11,"Sunday"
"kiosk.port.net",200051,197,12,"Sunday"
"kwia.fast.net",669,222,16,"Thursday"
"lancer1.pb.net",5866,198,18,"Monday"
"larryd.ppp.intrnet.net",5026,193,16,"Wednesday"
"ldfries.clark.net",1173,236,14,"Thursday"
"ldfries.clark.net",46053,236,14,"Thursday"
"libws2.hiwaay.net",3938,184,13,"Monday"
"line003.pg.mindlink.net",40310,184,22,"Monday"
"line004.nwm.mindlink.net",12859,202,13,"Friday"
"line005.pg.mindlink.net",28219,194,0,"Thursday"
"line017.nwm.mindlink.net",240458,242,17,"Wednesday"
"line108.nwm.mindlink.net",46053,229,17,"Thursday"
"line121.nwm.mindlink.net",32511,209,22,"Friday"
"line175.nwm.mindlink.net",11836,228,22,"Wednesday"
"linuser13.li.net",9866,206,4,"Tuesday"
"linuser14.li.net",0,218,21,"Sunday"
"linuser19.li.net",0,222,14,"Thursday"
"mac9.guilford.interpath.net",4665,216,18,"Friday"
"main.pipex.net",16966,195,6,"Friday"
"maria-6p.ip.realtime.net",1173,217,15,"Saturday"
"marion25.midwest.net",0,231,7,"Saturday"
"marion7.midwest.net",4745,238,17,"Saturday"
"maui56.maui.net",46573,213,22,"Tuesday"
"max1-95.hiwaay.net",0,234,17,"Tuesday"
"maz3.maz.net",40310,184,14,"Monday"
"maz3.maz.net",3601,221,18,"Wednesday"
"maz3.maz.net",4673,222,12,"Thursday"
"maz3.maz.net",8529,228,14,"Wednesday"
"med-pm1-014.cdsnet.net",136806,195,10,"Friday"
"mhansard.sprint.dialup.net",786,221,18,"Wednesday"
"miafl2-9.gate.net",509,190,20,"Sunday"
"mke-ppp-24.inc.net",13387,198,7,"Monday"
"mlbfl2-20.gate.net",786,205,8,"Monday"
"mlbfl2-32.gate.net",13380,241,18,"Tuesday"
"modem2-14.planete.net",4377,182,6,"Saturday"
"mpk.dialup.access.net",9866,228,22,"Wednesday"
"mpngate1.ny.us.ibm.net",7008,215,16,"Thursday"
"mpngate1.ny.us.ibm.net",527,218,15,"Sunday"
"mpngate1.ny.us.ibm.net",1204,219,10,"Monday"
"mpngate1.ny.us.ibm.net",786,221,12,"Wednesday"
"mpngate1.ny.us.ibm.net",786,229,7,"Thursday"
"mpngate1.ny.us.ibm.net",669,230,12,"Friday"
"mpngate1.ny.us.ibm.net",363,240,9,"Monday"
"mpngate1.ny.us.ibm.net",1173,240,9,"Monday"
"mpngate5.ny.us.ibm.net",1871,237,8,"Friday"
"msagrans.clark.net",669,199,7,"Tuesday"
"msn_3_5.binc.net",1204,228,12,"Wednesday"
"msn_3_6.binc.net",7067,188,11,"Friday"
"msp6-12.nas.mr.net",1713,198,13,"Monday"
"msp6-8.nas.mr.net",786,188,7,"Friday"
"msp82-1.nas.mr.net",696,194,15,"Thursday"
"n111.solano.community.net",5052,182,0,"Saturday"
"nash1-ppp19.empire.net",0,206,17,"Tuesday"
"nb-208.bmi.net",4524,187,18,"Thursday"
"netblazer1-s21.telalink.net",5026,199,11,"Tuesday"
"netport-13.iu.net",363,242,18,"Wednesday"
"netport-16.iu.net",7067,187,5,"Thursday"
"netport-20.iu.net",669,228,19,"Wednesday"
"netport-20.iu.net",9630,228,19,"Wednesday"
"netport-21.iu.net",786,233,7,"Monday"
"netport-21.iu.net",0,233,7,"Monday"
"netport-23.iu.net",3933,183,8,"Sunday"
"netport-29.iu.net",509,201,15,"Thursday"
"netport-29.iu.net",1733,221,19,"Wednesday"
"netport-29.iu.net",28219,221,16,"Wednesday"
"netport-38.iu.net",4441,239,11,"Sunday"
"netuser14.ncw.net",65576,200,17,"Wednesday"
"nts1-3.interaccess.net",46053,218,14,"Sunday"
"oak.can.net",1993,195,21,"Friday"
"okc36.icon.net",1204,224,0,"Saturday"
"olympus.itl.net",20226,209,5,"Friday"
"onramp1-17.i2020.net",40310,182,9,"Saturday"
"orlfl2-20.gate.net",13372,203,12,"Saturday"
"orlfl2-42.gate.net",1414,227,21,"Tuesday"
"osip18.ionet.net",363,219,20,"Monday"
"osip56.ionet.net",12054,182,13,"Saturday"
"p01.accesscom.net",363,240,18,"Monday"
"p3-term1.inetdirect.net",8678,197,8,"Sunday"
"p35.superlink.net",77187,182,15,"Saturday"
"p5.superlink.net",527,202,18,"Friday"
"p5.superlink.net",1607,202,18,"Friday"
"pc4.interport.net",712,207,7,"Wednesday"
"pc57.shownet.bbnplanet.net",8678,201,13,"Thursday"
"pcshs.sierra.net",1713,192,21,"Tuesday"
"pgraeber.sensemedia.net",4441,193,17,"Wednesday"
"pm003-05.dialip.mich.net",7074,183,9,"Sunday"
"pm004-17.dialip.mich.net",1583,215,12,"Thursday"
"pm012-11.dialip.mich.net",0,184,10,"Monday"
"pm017-09.dialup.mich.net",9376,189,20,"Saturday"
"pm035-03.dialip.mich.net",3047,189,18,"Saturday"
"pm1-04.in.net",1602,189,19,"Saturday"
"pm1-06.magicnet.net",786,244,17,"Friday"
"pm1-13.skypoint.net",13664,193,21,"Wednesday"
"pm1-18.niia.net",0,233,14,"Monday"
"pm1-20.magicnet.net",786,183,7,"Sunday"
"pm1-25.magicnet.net",36811,192,17,"Tuesday"
"pm1-28.magicnet.net",34688,192,17,"Tuesday"
"pm1-orl29.iag.net",122880,230,17,"Friday"
"pm1-orl9.iag.net",234,187,7,"Thursday"
"pm156-52.smartlink.net",3985,185,8,"Tuesday"
"pm16.ilhawaii.net",1204,209,0,"Friday"
"pm1_1.netplus.net",1204,187,20,"Thursday"
"pm1ip10.albany.net",8089,243,18,"Thursday"
"pm2-23.magicnet.net",12560,238,6,"Saturday"
"pm2-25.magicnet.net",1157,194,18,"Thursday"
"pm2-26.tricon.net",363,228,16,"Wednesday"
"pm2-43.tvs.net",8529,219,12,"Monday"
"pm2-orl10.iag.net",669,228,14,"Wednesday"
"pm2_1.digital.net",786,186,14,"Wednesday"
"pm2_1.digital.net",786,188,13,"Friday"
"pm2_13.digital.net",1204,183,17,"Sunday"
"pm2_14.digital.net",0,193,3,"Wednesday"
"pm2_14.digital.net",0,195,19,"Friday"
"pm2_15.digital.net",0,195,4,"Friday"
"pm2_17.digital.net",669,241,15,"Tuesday"
"pm2_18.digital.net",1173,203,18,"Saturday"
"pm2_18.digital.net",0,207,11,"Wednesday"
"pm2_19.digital.net",786,240,2,"Monday"
"pm2_2.digital.net",308,215,9,"Thursday"
"pm2_23.digital.net",0,215,9,"Thursday"
"pm2_24.digital.net",0,186,18,"Wednesday"
"pm2_26.digital.net",509,208,16,"Thursday"
"pm2_29.digital.net",0,190,10,"Sunday"
"pm2_3.digital.net",669,195,6,"Friday"
"pm2_3.digital.net",786,241,9,"Tuesday"
"pm2_7.digital.net",0,206,6,"Tuesday"
"pm3-20.magicnet.net",786,209,17,"Friday"
"pm3_2.digital.net",2167,196,13,"Saturday"
"pm3_23.digital.net",669,243,16,"Thursday"
"pm4-119.skypoint.net",8529,239,12,"Sunday"
"pm4_3.digital.net",2537,185,19,"Tuesday"
"pm4_8.digital.net",8529,243,15,"Thursday"
"pm56.csra.net",4441,229,15,"Thursday"
"pm66-52.smartlink.net",13469,186,18,"Wednesday"
"pm69.smartlink.net",669,200,20,"Wednesday"
"pmcol15.ebicom.net",651,237,3,"Friday"
"pnp.delta.net",1204,234,11,"Tuesday"
"pool1_12.odyssee.net",3258,187,20,"Thursday"
"pool1_12.odyssee.net",527,187,20,"Thursday"
"pool1_14.odyssee.net",3635,234,12,"Tuesday"
"pool3_10.odyssee.net",12560,236,12,"Thursday"
"pool3_10.odyssee.net",1173,236,12,"Thursday"
"pool3_6.odyssee.net",8677,235,12,"Wednesday"
"pool56.maple.net",57344,202,16,"Friday"
"port-1-4.access.one.net",4324,203,21,"Saturday"
"port1.csnet.net",25218,237,21,"Friday"
"port119.iwaynet.net",363,198,6,"Monday"
"port15.cos2-annex.usa.net",3709,243,8,"Thursday"
"port19.annex1.naples.net",11853,243,10,"Thursday"
"port19.fishnet.net",234,240,20,"Monday"
"port5.mhill.ind.net",786,230,20,"Friday"
"port5.xyplex-1.bihs.net",12283,200,18,"Wednesday"
"porta12.chattanooga.net",4745,235,22,"Wednesday"
"ppp-2-15.iadfw.net",3214,185,14,"Tuesday"
"ppp-3-30.iadfw.net",1157,184,22,"Monday"
"ppp-ftl1-74.shadow.net",786,204,11,"Sunday"
"ppp-ftl2-15.shadow.net",308,184,21,"Monday"
"ppp-ftl2-15.shadow.net",1136,193,20,"Wednesday"
"ppp-ftl2-18.shadow.net",3635,199,18,"Tuesday"
"ppp-wpb-145.shadow.net",4347,187,18,"Thursday"
"ppp1.accesscom.net",40310,183,20,"Sunday"
"ppp1.waterloo.net",8495,239,13,"Sunday"
"ppp105.dayton.net",41397,197,17,"Sunday"
"ppp11.atlantic.net",527,202,20,"Friday"
"ppp11.net99.net",669,190,20,"Sunday"
"ppp135.iadfw.net",527,184,19,"Monday"
"ppp160.iadfw.net",78588,182,21,"Saturday"
"ppp161.iadfw.net",3985,187,11,"Thursday"
"ppp17.jax-inter.net",669,242,9,"Wednesday"
"ppp182.iadfw.net",527,190,0,"Sunday"
"ppp230.iadfw.net",13469,186,17,"Wednesday"
"ppp4.cy-net.net",0,243,21,"Thursday"
"ppp5.profile.net",47145,183,19,"Sunday"
"ppp82.cinenet.net",12054,187,20,"Thursday"
"pslip082.ksc-fl.ids.net",363,196,20,"Saturday"
"pslip082.ksc-fl.ids.net",1173,202,17,"Friday"
"pslip224.egr-ri.ids.net",152679,234,20,"Tuesday"
"ptp00.pig.net",17459,205,18,"Monday"
"ptp20.pig.net",234,228,19,"Wednesday"
"ptpm001.olympus.net",12859,195,9,"Friday"
"pyxis.pdial.interpath.net",1289,231,9,"Saturday"
"qrvlppp14.epix.net",363,219,20,"Monday"
"queen.torfree.net",13469,182,22,"Saturday"
"randolph-3.peoples.net",363,236,14,"Thursday"
"rayncath.igs.net",4179,190,10,"Sunday"
"rhin-cs-1.newnorth.net",5008,229,8,"Thursday"
"rocks.tiac.net",7634,184,17,"Monday"
"rot56.pi.net",669,240,13,"Monday"
"roy.vnet.net",0,190,12,"Sunday"
"runabout1-11.igc.net",5052,239,15,"Sunday"
"rush.internic.net",0,194,22,"Thursday"
"rush.internic.net",752,194,22,"Thursday"
"rush.internic.net",0,194,23,"Thursday"
"rush.internic.net",752,194,1,"Thursday"
"s17-pm01.sierra.campus.mci.net",9630,242,13,"Wednesday"
"s1c1p2.aa.net",1932,191,0,"Monday"
"s2c0p5.aa.net",49590,207,20,"Wednesday"
"s4125.netins.net",13116,192,17,"Tuesday"
"sanantonio-1-4.i-link.net",1414,189,9,"Saturday"
"sarfl-3.gate.net",11175,223,18,"Friday"
"sbsr.u.aloha.net",786,188,21,"Friday"
"sea-ts1-p14.wolfe.net",12451,186,21,"Wednesday"
"sea-ts1-p19.wolfe.net",7008,190,2,"Sunday"
"sea-ts1-p20.wolfe.net",3047,185,17,"Tuesday"
"server2-2.durham.net",3842,186,20,"Wednesday"
"session1.apci.net",11473,242,5,"Wednesday"
"sgtdial05.shout.net",3528,200,14,"Wednesday"
"skelly.wat.hookup.net",17688,230,9,"Friday"
"slcmodem1-p1-13.intele.net",12859,220,20,"Tuesday"
"slcmodem1-p1-15.intele.net",515,242,9,"Wednesday"
"slcmodem1-p1-4.intele.net",4209,207,14,"Wednesday"
"slip-0-8.shore.net",5026,199,20,"Tuesday"
"slip-3-5.shore.net",3635,242,16,"Wednesday"
"slip-5-7.shore.net",3260,228,19,"Wednesday"
"slip1.elysian.net",7008,197,8,"Sunday"
"slip1.fs.cei.net",363,184,12,"Monday"
"slip108.hk.super.net",1713,187,4,"Thursday"
"slip116-133.nc.us.ibm.net",1204,183,20,"Sunday"
"slip117-17.nc.us.ibm.net",4821,199,20,"Tuesday"
"slip12.duncan.island.net",669,231,21,"Saturday"
"slip13.cedar1.tcd.net",1713,228,23,"Wednesday"
"slip136-160.pt.uk.ibm.net",363,204,5,"Sunday"
"slip136-219.pt.uk.ibm.net",7074,185,13,"Tuesday"
"slip137-5.pt.uk.ibm.net",86381,182,23,"Saturday"
"slip137-50.pt.uk.ibm.net",1173,208,13,"Thursday"
"slip144-130.ut.nl.ibm.net",5866,188,3,"Friday"
"slip144-204.ut.nl.ibm.net",1173,192,13,"Tuesday"
"slip159.hk.super.net",234,190,8,"Sunday"
"slip161.hk.super.net",786,200,0,"Wednesday"
"slip168-204.sy.au.ibm.net",7131,232,18,"Sunday"
"slip168-71.sy.au.ibm.net",5866,237,23,"Friday"
"slip169-10.sy.au.ibm.net",12859,238,4,"Saturday"
"slip174-204.wl.nz.ibm.net",308,241,2,"Tuesday"
"slip177-72.kw.jp.ibm.net",13583,242,7,"Wednesday"
"slip180.hk.super.net",3985,185,20,"Tuesday"
"slip183-1.kw.jp.ibm.net",11853,206,5,"Tuesday"
"slip2.stgeorge.tcd.net",7062,194,8,"Thursday"
"slip216.hk.super.net",1204,231,6,"Saturday"
"slip27.hk.super.net",46573,202,3,"Friday"
"slip3-195.fl.us.ibm.net",9630,208,8,"Thursday"
"slip3-202.fl.us.ibm.net",234,205,20,"Monday"
"slip30.ice.net",14120,190,7,"Sunday"
"slip34-206.il.us.ibm.net",5866,229,18,"Thursday"
"slip37-139.il.us.ibm.net",3723,198,19,"Monday"
"slip37-198.il.us.ibm.net",1687,219,19,"Monday"
"slip37-222.il.us.ibm.net",5866,223,18,"Friday"
"slip37.gulf.net",61490,185,17,"Tuesday"
"slip38-14.il.us.ibm.net",8678,203,14,"Saturday"
"slip4-212.fl.us.ibm.net",3258,190,13,"Sunday"
"slip4-5.mountain.net",530,192,15,"Tuesday"
"slip4.island.net",7008,230,16,"Friday"
"slip5-199.fl.us.ibm.net",14977,189,17,"Saturday"
"slip50-1.ca.us.ibm.net",13994,201,23,"Thursday"
"slip50-129.ca.us.ibm.net",4179,202,12,"Friday"
"slip50-129.ca.us.ibm.net",84905,202,13,"Friday"
"slip6.cei.net",13372,237,22,"Friday"
"slip7-5.fl.us.ibm.net",9630,188,22,"Friday"
"slip80-143.ma.us.ibm.net",234,183,8,"Sunday"
"slip96-66.tx.us.ibm.net",34029,184,16,"Monday"
"sol-p1-51.alaska.net",945,183,13,"Sunday"
"srmc.tiac.net",0,194,17,"Thursday"
"srs.surf.tach.net",786,193,5,"Wednesday"
"starmet.tyrell.net",5866,187,11,"Thursday"
"stc1-1.nas.mr.net",3635,183,17,"Sunday"
"stemmons08.onramp.net",13372,241,7,"Tuesday"
"stemmons08.onramp.net",1204,241,7,"Tuesday"
"stemmons20.onramp.net",3635,183,8,"Sunday"
"stemmons27.onramp.net",0,232,21,"Sunday"
"stemmons34.onramp.net",81920,227,18,"Tuesday"
"stockyard17.onramp.net",1173,213,21,"Tuesday"
"tc1_19.teclink.net",127045,238,16,"Saturday"
"term05.vol.net",786,201,5,"Thursday"
"term20.vol.net",18149,243,5,"Thursday"
"thedave-ppp.clark.net",18149,186,17,"Wednesday"
"thimble-d221.sierra.net",8677,226,9,"Monday"
"tpafl-13.gate.net",1204,195,17,"Friday"
"tpafl-22.gate.net",957,190,0,"Sunday"
"tpafl-24.gate.net",40310,183,8,"Sunday"
"trexro-ppp.clark.net",30067,185,17,"Tuesday"
"tristate.pgh.net",4943,190,11,"Sunday"
"ts00-ind-25.iquest.net",2537,227,10,"Tuesday"
"ts01-ind-18.iquest.net",21957,188,9,"Friday"
"ts02-ind-23.iquest.net",527,232,13,"Sunday"
"ts02-ind-28.iquest.net",155648,208,22,"Thursday"
"ts1-01.inforamp.net",1932,202,23,"Friday"
"ts1-06.inforamp.net",0,197,16,"Sunday"
"ts1-and-24.iquest.net",363,183,8,"Sunday"
"ts1.cdsnet.net",786,241,22,"Tuesday"
"ts1_port25.planet.eon.net",1204,195,22,"Friday"
"ts3-02.inforamp.net",0,197,16,"Sunday"
"ts3-12.inforamp.net",18149,206,9,"Tuesday"
"ts3-12.inforamp.net",18149,206,9,"Tuesday"
"ts5-14.inforamp.net",40310,186,21,"Wednesday"
"tty10ee.netropolis.net",3381,232,20,"Sunday"
"tty10i.netropolis.net",13372,244,17,"Friday"
"ttyua.tyrell.net",3258,183,19,"Sunday"
"turnpike02.onramp.net",4209,192,22,"Tuesday"
"turnpike35.onramp.net",1204,194,13,"Thursday"
"unicompt304.unicomp.net",3714,230,15,"Friday"
"unix.trilogy.net",3985,183,5,"Sunday"
"usr12-dialup12.atlanta.mci.net",3826,240,17,"Monday"
"usr12-dialup39.atlanta.mci.net",1204,230,5,"Friday"
"usr13-dialup33.chicago.mci.net",509,220,20,"Tuesday"
"usr13-dialup48.atlanta.mci.net",11264,223,11,"Friday"
"usr14-dialup50.atlanta.mci.net",25218,237,7,"Friday"
"usr14-dialup52.atlanta.mci.net",5978,206,19,"Tuesday"
"usr18-dialup18.atlanta.mci.net",786,223,11,"Friday"
"utex.tor.hookup.net",65536,194,10,"Thursday"
"utr0059.pi.net",65536,229,8,"Thursday"
"vernon-01.junction.net",363,229,14,"Thursday"
"violin-05.synapse.net",1932,213,23,"Tuesday"
"vyger313.nando.net",36902,207,14,"Wednesday"
"vyger403.nando.net",0,190,12,"Sunday"
"vyger505.nando.net",46573,205,22,"Monday"
"vyger609.nando.net",372,189,19,"Saturday"
"wctc-cs-1.wctc.net",3260,195,16,"Friday"
"wpb-101.magg.net",2286,243,10,"Thursday"
"wpb-111.magg.net",3626,240,19,"Monday"
"www.bconnex.net",69067,230,17,"Friday"
"www.ottawa.net",12859,230,7,"Friday"
"xr01-a17.citenet.net",7634,185,20,"Tuesday"
"y1b.kootenay.net",25218,194,16,"Thursday"
"zeppo.interpath.net",3635,219,6,"Monday"
